Player,Pos,Age,Team,G,GS,MP,FG,FGA,FG%,3P,3PA,3P%,2P,2PA,2P%,eFG%,FT,FTA,FT%,ORB,DRB,TRB,AST,STL,BLK,TOV,PF,PTS
Trae Young,PG,21,ATL,60,60,35.3,9.1,20.8,0.437,3.4,9.5,0.361,5.7,11.4,0.501,0.519,8,9.3,0.86,0.5,3.7,4.3,9.3,1.1,0.1,4.8,1.7,29.6
John Collins,PF,22,ATL,41,41,33.2,8.6,14.8,0.583,1.4,3.6,0.401,7.2,11.2,0.642,0.632,2.9,3.7,0.8,2.8,7.3,10.1,1.5,0.8,1.6,1.8,3.4,21.6
Jabari Parker,PF,24,ATL,32,23,26.2,6.2,12.3,0.504,1,3.6,0.27,5.2,8.7,0.601,0.543,1.7,2.3,0.736,1.7,4.3,6,1.8,1.3,0.5,1.9,2.9,15
De'Andre Hunter,SF,22,ATL,63,62,32,4.4,10.8,0.41,1.7,4.8,0.355,2.7,6,0.454,0.489,1.7,2.3,0.764,0.7,3.8,4.5,1.8,0.7,0.3,1.6,2.9,12.3
Kevin Huerter,SG,21,ATL,56,48,31.4,4.5,10.9,0.413,2.3,6,0.38,2.2,4.9,0.453,0.517,0.9,1.1,0.828,0.6,3.4,4.1,3.8,0.9,0.5,1.6,2.5,12.2
Cam Reddish,SF,20,ATL,58,34,26.7,3.7,9.6,0.384,1.4,4.3,0.332,2.2,5.2,0.428,0.459,1.7,2.2,0.802,0.6,3.1,3.7,1.5,1.1,0.5,1.7,2.3,10.5
Alex Len,C,26,ATL,40,9,18.6,3.6,6.5,0.546,0.4,1.4,0.25,3.2,5.1,0.627,0.573,1.3,2,0.63,1.7,4,5.8,1.1,0.5,0.8,1,2.3,8.7
Dewayne Dedmon,C,30,ATL,10,8,23.3,3.3,8.4,0.393,0.8,3.6,0.222,2.5,4.8,0.521,0.44,0.7,0.8,0.875,1.4,6.8,8.2,0.7,1,1.5,1,4,8.1
Jeff Teague,PG,31,ATL,25,4,20.8,2.7,6.6,0.412,0.4,1.2,0.333,2.3,5.4,0.43,0.442,1.9,2.1,0.887,0.5,1.7,2.2,4,0.8,0.2,1.6,1.4,7.7
Brandon Goodwin,PG,24,ATL,34,1,12.6,2.2,5.6,0.4,0.8,2.6,0.299,1.5,3,0.485,0.468,0.8,0.9,0.933,0.3,1.8,2.1,1.5,0.4,0.1,0.9,1.3,6.1
DeAndre' Bembry,SG,25,ATL,43,4,21.3,2.4,5.3,0.456,0.3,1.5,0.231,2.1,3.8,0.546,0.489,0.6,1.1,0.542,0.8,2.7,3.5,1.9,1.3,0.4,1.4,2,5.8
Damian Jones,C,24,ATL,55,27,16.1,2.2,3.2,0.68,0,0.2,0.222,2.2,3.1,0.704,0.685,1.1,1.5,0.738,1.3,2.4,3.7,0.6,0.5,0.7,0.5,2.7,5.6
Allen Crabbe,SG,27,ATL,28,1,18.6,1.9,5.1,0.364,1.1,3.3,0.323,0.8,1.8,0.44,0.469,0.3,0.4,0.75,0.4,2,2.3,1,0.5,0.1,0.4,1.3,5.1
Vince Carter,PF,43,ATL,60,0,14.6,1.8,5.1,0.352,1,3.4,0.302,0.8,1.7,0.451,0.452,0.4,0.5,0.793,0.3,1.8,2.1,0.8,0.4,0.4,0.6,1.5,5
Bruno Fernando,C,21,ATL,56,13,12.7,1.8,3.6,0.518,0.1,0.7,0.135,1.8,2.9,0.605,0.53,0.5,0.9,0.569,1.2,2.3,3.5,0.9,0.3,0.3,0.8,1.9,4.3
Treveon Graham,SF,26,ATL,22,0,12.1,1.1,3,0.373,0.6,1.7,0.351,0.5,1.4,0.4,0.47,0.4,0.9,0.474,1,1.3,2.3,0.7,0.3,0.2,0.5,1.6,3.3
Evan Turner,SG,31,ATL,19,0,13.2,1.3,3.5,0.373,0,0.3,0,1.3,3.3,0.403,0.373,0.6,0.7,0.857,0.4,1.6,2,2,0.5,0.4,1.4,1.1,3.3
Tyrone Wallace,SG,25,ATL,14,0,11.4,1,3.1,0.318,0.1,1.1,0.067,0.9,2.1,0.448,0.33,0.8,1.2,0.647,0.2,1.4,1.6,0.9,0.5,0.1,0.7,1.4,2.9
Charlie Brown,SG,22,ATL,10,0,4,0.6,1.9,0.316,0.3,0.9,0.333,0.3,1,0.3,0.395,0.5,0.5,0.812,0.2,0.2,0.4,0.2,0.2,0.2,0.3,0.3,2
Jayson Tatum,PF,21,BOS,66,66,34.3,8.4,18.6,0.45,2.9,7.1,0.403,5.5,11.5,0.48,0.527,3.8,4.7,0.724,1,6,7,3,1.4,0.9,2.3,2.1,23.4
Kemba Walker,PG,29,BOS,56,56,31.1,6.8,15.9,0.425,3.2,8.4,0.381,3.5,7.4,0.476,0.526,3.7,4.3,0.855,0.6,3.2,3.9,4.8,0.9,0.5,2.1,1.6,20.4
Jaylen Brown,SG,23,BOS,57,57,33.9,7.5,15.6,0.481,2.3,5.9,0.382,5.2,9.6,0.543,0.554,3.1,4.3,0.836,1.1,5.3,6.4,2.1,1.1,0.4,2.2,2.9,20.3
Gordon Hayward,SF,29,BOS,52,52,33.5,6.7,13.5,0.5,1.6,4.3,0.383,5.1,9.2,0.554,0.561,2.4,2.8,0.763,1.1,5.6,6.7,4.1,0.7,0.4,1.8,1.8,17.5
Marcus Smart,SG,25,BOS,60,40,32,4.3,11.4,0.375,2.3,6.6,0.347,2,4.8,0.415,0.476,2.1,2.5,0.707,0.7,3.1,3.8,4.9,1.7,0.5,1.7,2.7,12.9
Daniel Theis,C,27,BOS,65,64,24.1,3.7,6.6,0.566,0.5,1.5,0.333,3.2,5.1,0.633,0.603,1.3,1.8,0.926,2.2,4.4,6.6,1.7,0.6,1.3,0.8,3.4,9.2
Enes Kanter,C,27,BOS,58,7,16.9,3.4,6,0.572,0,0.1,0.143,3.4,5.9,0.581,0.573,1.2,1.7,0.647,2.8,4.6,7.4,1,0.4,0.7,1,1.7,8.1
Brad Wanamaker,PG,30,BOS,71,1,19.3,2.3,5.1,0.448,0.5,1.4,0.363,1.8,3.7,0.481,0.499,1.8,1.9,1,0.3,1.7,2,2.5,0.9,0.2,1.1,1.9,6.9
Tremont Waters,PG,22,BOS,11,1,10.8,1.3,4.5,0.286,0.4,2.2,0.273,0.9,2.3,0.4,0.327,0.7,0.7,0.875,0,1.1,1.1,1.5,0.9,0.2,1.4,1.2,3.6
Javonte Green,SG,26,BOS,48,2,9.8,1.3,2.6,0.5,0.2,0.7,0.378,1.1,1.9,0.581,0.536,0.6,0.9,0.722,0.5,1.4,1.9,0.5,0.5,0.2,0.5,0.9,3.4
Semi Ojeleye,PF,25,BOS,69,6,14.7,1.2,2.8,0.408,0.7,1.8,0.25,0.5,1,0.464,0.531,0.4,0.5,0.684,0.4,1.7,2.1,0.5,0.3,0.1,0.3,1.2,3.4
Grant Williams,PF,21,BOS,69,5,15.1,1.3,3.1,0.412,0.3,1.4,0.316,0.9,1.7,0.548,0.469,0.6,0.8,0.333,0.9,1.7,2.6,1,0.4,0.5,0.7,2.4,3.4
Carsen Edwards,SG,21,BOS,37,0,9.5,1.1,3.5,0.328,0.6,2.1,0.185,0.5,1.4,0.346,0.422,0.4,0.5,0.72,0.2,1.1,1.3,0.6,0.3,0.1,0.4,0.9,3.3
Romeo Langford,SG,20,BOS,32,2,11.6,0.9,2.5,0.35,0.2,0.8,0.394,0.7,1.7,0.434,0.381,0.6,0.8,0.922,0.5,0.8,1.3,0.4,0.3,0.3,0.3,1,2.5
Vincent Poirier,C,26,BOS,22,0,5.9,0.8,1.6,0.472,0,0.1,0.308,0.7,1.5,0.471,0.486,0.3,0.3,0.778,0.6,1.4,2,0.4,0.1,0.4,0.4,1.1,1.9
Kyrie Irving,PG,27,BRK,20,20,32.9,10,20.8,0.478,2.8,7.1,0.364,7.2,13.7,0.522,0.546,4.7,5.1,0.711,1.1,4.1,5.2,6.4,1.4,0.5,2.6,2.7,27.4
Spencer Dinwiddie,PG,26,BRK,64,49,31.2,6.6,16,0.415,1.9,6.3,0.424,4.7,9.7,0.485,0.476,5.4,7,0.719,0.5,3,3.5,6.8,0.6,0.3,2.7,2.8,20.6
Caris LeVert,SG,25,BRK,45,31,29.6,6.9,16.3,0.425,1.8,4.9,0.339,5.1,11.4,0.451,0.48,3.1,4.4,0.798,1.1,3.1,4.2,4.4,1.2,0.2,2.6,1.8,18.7
Joe Harris,SF,28,BRK,69,69,30.8,5.5,11.4,0.486,2.5,5.9,0.389,3,5.5,0.553,0.596,0.9,1.3,1,0.9,3.4,4.3,2.1,0.6,0.2,1.5,2.3,14.5
Taurean Prince,PF,25,BRK,64,61,29,4.3,11.5,0.376,2.3,6.7,0,2.1,4.8,0.429,0.475,1.1,1.4,0.633,0.8,5.2,6,1.8,0.9,0.4,2,2.5,12.1
Tyler Johnson,SG,27,BRK,8,4,24.3,4,9.9,0.405,1.8,4.5,0.329,2.3,5.4,0.419,0.494,2.3,2.3,0.805,1,2,3,3,0.5,0.1,0.6,1.9,12
Jarrett Allen,C,21,BRK,70,64,26.5,4.3,6.6,0.649,0,0.1,0.388,4.3,6.6,0.658,0.649,2.4,3.9,0.68,3.1,6.5,9.6,1.6,0.6,1.3,1.1,2.3,11.1
Garrett Temple,SG,33,BRK,62,35,27.9,3.6,9.5,0.378,2,6.2,0.278,1.5,3.2,0.473,0.486,1.1,1.4,0.852,0.5,3,3.5,2.5,0.8,0.5,1,1.7,10.3
Timothé Luwawu-Cabarrot,SF,24,BRK,47,2,18.1,2.5,5.7,0.435,1.3,3.4,0.306,1.2,2.3,0.505,0.55,1.5,1.7,0.417,0.6,2.1,2.7,0.6,0.4,0.1,0.8,2.3,7.8
Jeremiah Martin,PG,23,BRK,9,0,11,2.7,5.9,0.453,0.6,2,0.429,2.1,3.9,0.543,0.5,1.2,1.6,1,0.1,1,1.1,2,0.8,0.2,0.4,0.8,7.1
Chris Chiozza,PG,24,BRK,18,2,15.4,2.5,5.9,0.425,1.1,3.1,0.244,1.4,2.8,0.5,0.519,0.3,0.3,0.667,0.5,1.6,2.1,3.1,0.6,0.1,1.3,1.4,6.4
Wilson Chandler,PF,32,BRK,35,3,21,2.1,5.2,0.404,1.1,3.5,0.367,1.1,1.8,0.597,0.505,0.6,0.7,0.75,0.3,3.8,4.1,1.1,0.5,0.3,1,2.3,5.9
David Nwaba,SG,27,BRK,20,0,13.4,1.9,3.6,0.521,0.6,1.4,0.143,1.3,2.2,0.581,0.606,0.9,1.4,0.632,0.4,1.9,2.3,0.4,0.6,0.6,0.4,1.6,5.2
Džanan Musa,SF,20,BRK,40,0,12.2,1.6,4.3,0.372,0.5,2,0.188,1.1,2.4,0.479,0.427,1.1,1.5,0.571,0.5,1.6,2.2,1.1,0.4,0,0.9,0.8,4.8
Rodions Kurucs,PF,21,BRK,47,9,14.6,1.7,3.8,0.446,0.7,1.9,0.308,1,1.9,0.529,0.54,0.5,0.8,0.938,0.5,2.4,2.9,1.1,0.5,0.1,1,1.9,4.6
Nicolas Claxton,C,20,BRK,15,0,12.5,1.8,3.2,0.563,0.1,0.5,0.207,1.7,2.7,0.634,0.573,0.7,1.4,1,1.3,1.7,2.9,1.1,0.1,0.5,0.6,0.9,4.4
Iman Shumpert,SF,29,BRK,13,0,18.5,1.6,4.9,0.328,0.6,2.5,0,1,2.4,0.419,0.391,0.3,0.5,0.5,0.7,1.9,2.6,0.9,0.9,0.2,0.8,1.6,4.2
Theo Pinson,SG,24,BRK,33,0,11.1,1.4,4.7,0.29,0.5,2.4,0.38,0.9,2.3,0.4,0.339,0.5,0.5,0.802,0.3,1.3,1.6,1.7,0.5,0.1,1,1.1,3.6
Lance Thomas,PF,31,BRK,7,4,14,1.1,3.3,0.348,0.6,1.9,0.344,0.6,1.4,0.4,0.435,0.6,0.6,0.824,0.3,1.6,1.9,0.9,0,0,0.9,1.6,3.4
Justin Anderson,SG,26,BRK,10,1,10.7,1,3.8,0.263,0.6,2.9,0.354,0.4,0.9,0.444,0.342,0.2,0.4,0.791,0.1,2,2.1,0.8,0,0.6,0.4,1.3,2.8
Zach LaVine,SG,24,CHI,60,60,34.8,9,20,0.45,3.1,8.1,0.207,5.9,11.9,0.497,0.526,4.5,5.6,0.737,0.7,4.1,4.8,4.2,1.5,0.5,3.4,2.2,25.5
Lauri Markkanen,PF,22,CHI,50,50,29.8,5,11.8,0.425,2.2,6.3,0.356,2.8,5.5,0.518,0.517,2.5,3.1,0.583,1.2,5.1,6.3,1.5,0.8,0.5,1.6,1.9,14.7
Coby White,PG,19,CHI,65,1,25.8,4.8,12.2,0.394,2,5.8,0.322,2.8,6.4,0.43,0.478,1.6,2,0.876,0.4,3.1,3.5,2.7,0.8,0.1,1.7,1.8,13.2
Otto Porter,SF,26,CHI,14,9,23.6,4.4,10,0.443,1.7,4.4,0.316,2.7,5.6,0.487,0.529,1.4,1.9,0.59,0.9,2.5,3.4,1.8,1.1,0.4,0.8,2.2,11.9
Wendell Carter Jr.,C,20,CHI,43,43,29.2,4.3,8,0.534,0.1,0.7,0.259,4.1,7.3,0.564,0.542,2.6,3.5,0.741,3.2,6.2,9.4,1.2,0.8,0.8,1.7,3.8,11.3
Thaddeus Young,PF,31,CHI,64,16,24.9,4.2,9.4,0.448,1.2,3.5,0.336,3,5.9,0.501,0.513,0.7,1.1,0.75,1.5,3.5,4.9,1.8,1.4,0.4,1.6,2.1,10.3
Tomáš Satoranský,SG,28,CHI,65,64,28.9,3.6,8.5,0.43,1,3.1,0.287,2.7,5.4,0.491,0.488,1.6,1.9,0.714,1.2,2.7,3.9,5.4,1.2,0.1,2,2.1,9.9
Chandler Hutchison,SF,23,CHI,28,10,18.8,2.9,6.3,0.457,0.4,1.4,0.381,2.4,4.9,0.496,0.491,1.6,2.8,0.533,0.6,3.2,3.9,0.9,1,0.3,1,1.7,7.8
Kris Dunn,PG,25,CHI,51,32,24.9,3,6.7,0.444,0.6,2.2,0.391,2.4,4.5,0.535,0.487,0.8,1.1,0.78,0.5,3.2,3.6,3.4,2,0.3,1.3,3.1,7.3
Denzel Valentine,SF,26,CHI,36,5,13.6,2.7,6.6,0.409,1.3,3.8,0,1.4,2.8,0.51,0.506,0.2,0.2,0.711,0.3,1.8,2.1,1.2,0.7,0.2,0.7,1.4,6.8
Luke Kornet,C,24,CHI,36,14,15.5,2.3,5.2,0.439,0.9,3,0.4,1.4,2.2,0.646,0.521,0.6,0.8,0.783,0.6,1.7,2.3,0.9,0.3,0.7,0.4,1.5,6
Shaquille Harrison,SG,26,CHI,43,10,11.3,1.8,3.8,0.467,0.4,1,0.373,1.4,2.9,0.496,0.515,0.9,1.2,1,0.5,1.5,2,1.1,0.8,0.4,0.4,1.3,4.9
Ryan Arcidiacono,PG,25,CHI,58,4,16,1.6,3.8,0.409,0.9,2.4,0.407,0.6,1.4,0.439,0.532,0.5,0.7,0.82,0.3,1.6,1.9,1.7,0.5,0.1,0.6,1.7,4.5
Cristiano Felício,C,27,CHI,22,0,17.5,1.5,2.5,0.63,0,0.1,0.33,1.5,2.4,0.654,0.63,0.8,1,0.874,2.5,2.1,4.6,0.7,0.5,0.1,0.8,1.5,3.9
Adam Mokoka,SF,21,CHI,11,0,10.2,1.1,2.5,0.429,0.5,1.4,0.374,0.5,1.2,0.462,0.536,0.2,0.4,0.809,0.6,0.3,0.9,0.4,0.4,0,0.2,1.5,2.9
Max Strus,SF,23,CHI,2,0,3,1,1.5,0.667,0,0.5,0.24,1,1,1,0.667,0.5,0.5,0.647,0.5,0,0.5,0,0,0,0,0.5,2.5
Devonte' Graham,PG,24,CHO,63,53,35.1,5.8,15.3,0.382,3.5,9.3,0.284,2.4,6,0.397,0.495,3,3.7,0.682,0.7,2.7,3.4,7.5,1,0.2,2.9,1.8,18.2
Terry Rozier,PG,25,CHO,63,63,34.3,6.3,14.9,0.423,2.7,6.7,0.376,3.6,8.2,0.436,0.514,2.6,3,0.82,0.8,3.6,4.4,4.1,1,0.2,2.2,2,18
Miles Bridges,SF,21,CHO,65,64,30.7,4.9,11.6,0.424,1.5,4.6,0.541,3.4,7,0.486,0.489,1.6,2,0.603,1.4,4.2,5.6,1.8,0.6,0.7,1.5,2,13
P.J. Washington,PF,21,CHO,58,57,30.3,4.6,10.2,0.455,1.5,4,0.227,3.1,6.2,0.507,0.528,1.5,2.3,0.86,1,4.4,5.4,2.1,0.9,0.8,1.6,2.7,12.2
Cody Zeller,C,27,CHO,58,39,23.1,4.3,8.3,0.524,0.3,1.3,0.284,4,7,0.577,0.543,2.1,3.1,0.81,2.8,4.3,7.1,1.5,0.7,0.4,1.3,2.4,11.1
Malik Monk,SG,21,CHO,55,1,21.3,3.9,8.9,0.434,1.1,3.7,0.375,2.8,5.2,0.542,0.494,1.5,1.8,0.627,0.5,2.4,2.9,2.1,0.5,0.3,1.4,1.3,10.3
Marvin Williams,PF,33,CHO,41,1,19.7,2.3,5.1,0.448,1.1,2.9,0.294,1.2,2.3,0.538,0.552,1,1.2,0.824,0.4,2.3,2.7,1,0.6,0.5,0.6,1.7,6.7
Caleb Martin,SF,24,CHO,18,1,17.6,2.1,4.7,0.44,1.1,2.1,0.286,0.9,2.6,0.362,0.56,0.9,1.2,0.646,0.6,1.6,2.1,1.3,0.7,0.4,0.8,1.8,6.2
Willy Hernangómez,C,25,CHO,31,0,12.1,2.4,4.5,0.532,0.2,0.7,0,2.2,3.8,0.59,0.55,1.2,1.9,0.778,1.4,2.9,4.3,0.9,0.3,0.2,1,1,6.1
Dwayne Bacon,SG,24,CHO,39,11,17.6,2.2,6.3,0.348,0.5,1.7,0.38,1.7,4.5,0.373,0.387,0.9,1.4,0.9,0.4,2.2,2.6,1.3,0.6,0.1,0.9,1.3,5.7
Jalen McDaniels,SF,22,CHO,16,0,18.3,2.1,4.4,0.471,0.6,1.5,0.374,1.5,2.9,0.522,0.536,0.9,1.1,1,0.9,3.1,4.1,0.8,0.5,0.2,0.7,2.3,5.6
Cody Martin,SF,24,CHO,48,3,18.8,1.9,4.3,0.43,0.4,1.6,0.286,1.5,2.7,0.546,0.473,0.9,1.4,0.846,0.8,2.5,3.3,2,0.8,0.2,0.9,1.6,5
Michael Kidd-Gilchrist,PF,26,CHO,12,0,13.3,1.5,4.4,0.34,0.4,1.4,0.371,1.1,3,0.361,0.387,0.6,0.8,0.854,0.8,2.2,2.9,0.8,0,0.3,0.6,1.5,4
Nicolas Batum,SF,31,CHO,22,3,23,1.3,3.7,0.346,0.6,2.2,0.355,0.6,1.5,0.438,0.432,0.4,0.5,0.513,1.1,3.4,4.5,3,0.8,0.4,1,1.9,3.6
Joe Chealey,PG,24,CHO,4,0,8.3,0,1.8,0,0,1,0.391,0,0.8,0,0,0.5,0.5,0.884,0,0,0,0.3,1,0,0.5,0.5,0.5
Collin Sexton,PG,21,CLE,65,65,33,7.9,16.7,0.472,1.5,3.9,0.383,6.4,12.8,0.501,0.517,3.5,4.1,0.875,0.9,2.2,3.1,3,1,0.1,2.4,2.2,20.8
Kevin Love,PF,31,CLE,56,56,31.8,5.8,13,0.45,2.6,7,0.352,3.2,6,0.537,0.55,3.3,3.9,0.615,1,8.8,9.8,3.2,0.6,0.3,2.5,1.6,17.6
Andre Drummond,C,26,CLE,8,8,28.1,7.3,13.1,0.552,0.5,1.8,0.335,6.8,11.4,0.593,0.571,2.5,4.9,0.67,3,8.1,11.1,1.8,1.5,1.4,3.6,3.1,17.5
Jordan Clarkson,SG,27,CLE,29,0,23,5,11.2,0.442,2,5.5,0.351,2.9,5.8,0.509,0.532,2.6,3,0.676,0.7,1.7,2.4,2.4,0.6,0.3,1.3,1.1,14.6
Darius Garland,SG,20,CLE,59,59,30.9,4.7,11.8,0.401,1.8,5,0.194,3,6.8,0.434,0.476,1.1,1.2,0.723,0.5,1.4,1.9,3.9,0.7,0.1,2.6,1.6,12.3
Tristan Thompson,PF,28,CLE,57,51,30.2,5.1,9.9,0.512,0.2,0.4,0.297,4.9,9.5,0.518,0.52,1.7,2.8,0.732,4,6.2,10.1,2.1,0.6,0.9,1.8,2.2,12
Cedi Osman,SF,24,CLE,65,65,29.4,4.1,9.4,0.437,1.9,4.9,0.215,2.2,4.4,0.497,0.538,1,1.4,0.515,0.6,3,3.6,2.4,0.8,0.2,1.4,2.5,11
Larry Nance Jr.,PF,27,CLE,56,10,26.3,4.1,7.7,0.531,1,2.8,0.231,3.1,4.9,0.636,0.596,0.9,1.3,0.308,1.9,5.4,7.3,2.2,1,0.4,1.1,1.6,10.1
Kevin Porter Jr.,SF,19,CLE,50,3,23.2,3.7,8.4,0.442,1.1,3.2,0,2.7,5.3,0.506,0.505,1.5,2,0.71,0.4,2.8,3.2,2.2,0.9,0.3,1.9,2.7,10
Dante Exum,SG,24,CLE,24,1,16.8,1.9,4,0.479,0.5,1.5,0.5,1.4,2.5,0.559,0.547,1.3,1.7,0.737,0.4,1.9,2.3,1.4,0.5,0.3,0.9,1.3,5.6
John Henson,C,29,CLE,29,2,14.2,2.1,4.1,0.508,0.2,1.1,0,1.9,3.1,0.618,0.533,0.6,1.1,0.865,1.1,2.8,3.9,1.5,0.6,1.1,0.7,1.9,5
Brandon Knight,SG,28,CLE,16,0,15.1,1.8,5.4,0.326,1.2,4,0.316,0.6,1.4,0.409,0.436,0.3,0.8,1,0.2,1.1,1.3,1.9,0.3,0.1,1,1.3,4.9
Alfonzo McKinnie,SF,27,CLE,40,1,14.8,1.8,4.3,0.427,0.4,1.6,0.352,1.5,2.7,0.557,0.468,0.6,0.8,0.833,0.9,1.9,2.8,0.4,0.6,0.2,0.7,1.8,4.6
Matthew Dellavedova,PG,29,CLE,57,4,14.4,1.1,3.1,0.354,0.4,1.6,0.452,0.7,1.5,0.488,0.414,0.6,0.6,0.758,0.3,1,1.3,3.2,0.4,0,1,1.4,3.1
Malik Newman,SG,22,CLE,1,0,4,0,2,0,0,1,0.432,0,1,0,0,2,2,0.799,0,0,0,0,0,0,1,0,2
Dean Wade,PF,23,CLE,12,0,5.9,0.8,1.1,0.692,0.2,0.3,0.256,0.6,0.8,0.778,0.769,0,0.1,0.825,0.3,1.3,1.6,0.2,0.2,0.3,0.3,0.7,1.7
Luka Dončić,PG,20,DAL,61,61,33.6,9.5,20.6,0.434,2.8,8.9,0.37,6.7,11.7,0.485,0.55,7,9.2,0.849,1.3,8.1,9.4,8.8,1,0.2,4.3,2.5,28.8
Kristaps Porziņģis,C,24,DAL,57,57,31.8,7,16.4,0.495,2.5,7.1,0.235,4.5,9.3,0.549,0.621,4,5,0.813,1.8,7.7,9.5,1.8,0.7,2,1.6,3.2,20.4
Tim Hardaway Jr.,SG,27,DAL,71,58,29.5,5.4,12.5,0.427,2.9,7.2,0.294,2.5,5.2,0.422,0.524,2.1,2.6,0.909,0.4,2.9,3.3,1.9,0.6,0.1,1,1.8,15.8
Seth Curry,SG,29,DAL,64,25,24.6,4.4,9,0.466,2.3,5,0,2.2,4,0.589,0.575,1.3,1.5,0.77,0.4,1.8,2.3,1.9,0.6,0.1,1,1.8,12.4
Trey Burke,PG,27,DAL,8,1,23.9,4.4,10.3,0.638,2,4.6,0.447,2.4,5.6,0.716,0.659,1.3,1.4,0.754,0.1,1.8,1.9,3.8,1.1,0.1,1.1,1.5,12
Dorian Finney-Smith,PF,26,DAL,71,68,29.9,3.4,7.4,0.461,1.6,4.3,0.392,1.8,3.1,0.605,0.577,1.1,1.5,0.84,2,3.7,5.7,1.6,0.6,0.5,1,2.5,9.5
Dwight Powell,C,28,DAL,40,37,26.5,3.7,5.7,0.466,0.3,1,0,3.4,4.8,0.515,0.522,1.9,2.8,0.556,1.9,3.8,5.7,1.5,0.9,0.6,0.9,2.6,9.4
Maxi Kleber,PF,28,DAL,74,21,25.5,3.2,6.9,0.411,1.6,4.3,0,1.6,2.6,0.434,0.488,1.1,1.3,0.857,1.5,3.7,5.2,1.2,0.3,1.1,0.8,2.4,9.1
Jalen Brunson,PG,23,DAL,57,16,17.9,3.2,6.8,0.462,0.8,2.1,0,2.4,4.7,0.504,0.519,1.1,1.3,0.875,0.4,2,2.4,3.3,0.4,0.1,1.2,1.3,8.2
J.J. Barea,PG,35,DAL,29,6,15.5,2.9,7.1,0.573,1.1,2.9,0.314,1.8,4.2,0.603,0.583,0.7,0.8,1,0.3,1.5,1.8,3.9,0.2,0.1,1.3,0.9,7.7
Delon Wright,PG,27,DAL,73,5,21.5,2.6,5.6,0.396,0.6,1.7,0.346,2,3.9,0.489,0.466,1.1,1.4,0.6,1,2.9,3.8,3.3,1.2,0.3,1,1.3,6.9
Boban Marjanović,C,31,DAL,44,5,9.6,2.8,4.8,0.689,0.1,0.4,0.375,2.7,4.4,0.705,0.689,1,1.3,0.8,1.5,3,4.5,0.5,0.2,0.2,0.7,1.3,6.6
Justin Jackson,PF,24,DAL,65,3,16.1,2.1,5.2,0.488,0.7,2.5,0.389,1.3,2.7,0.543,0.616,0.6,0.8,0.817,0.4,2,2.4,0.8,0.2,0.2,0.2,1.1,5.5
Willie Cauley-Stein,C,26,DAL,13,2,12.1,2.4,3.5,0.373,0,0.1,0.435,2.4,3.4,0.25,0.542,0.4,0.7,0.881,1,3.6,4.6,0.8,0.3,0.8,0.4,1.5,5.2
Courtney Lee,SG,34,DAL,24,9,14.4,1.7,3.4,0.333,0.9,2,0.333,0.8,1.5,0.429,0.333,0.3,0.3,0.767,0.3,1,1.3,0.5,0.8,0.3,0.5,1.4,4.5
Ryan Broekhoff,SF,29,DAL,17,1,10.6,1.3,3.5,0.286,1.2,3,0.422,0.1,0.5,0.364,0.286,0.4,0.5,0.75,0.3,2.2,2.5,0.6,0.3,0.2,0.4,0.9,4.2
Josh Reaves,SF,22,DAL,4,0,7,0.8,2.3,0.308,0,0.5,0.378,0.8,1.8,0.4,0.308,0.5,0.5,0.816,0.3,0.5,0.8,0.8,0,0,0,1.3,2
Antonius Cleveland,SG,25,DAL,11,0,4.2,0.4,1.3,0.528,0,0.3,0.36,0.4,1,0.594,0.565,0.3,0.5,0.815,0.2,0.5,0.6,0.1,0.1,0.3,0.2,0.7,1
Michael Kidd-Gilchrist,PF,26,DAL,13,0,9.3,0.3,1,0.456,0,0.2,0,0.3,0.8,0.519,0.519,0.3,0.4,0.833,0.4,2.1,2.5,0.3,0.2,0.2,0.7,1.5,0.9
Nikola Jokić,C,24,DEN,73,73,32,7.7,14.7,0.45,1.1,3.5,0.347,6.6,11.2,0.498,0.523,3.4,4.1,0.843,2.3,7.5,9.7,7,1.2,0.6,3.1,3,19.9
Jamal Murray,PG,22,DEN,59,59,32.3,6.9,15.2,0.478,1.9,5.5,0.444,5,9.7,0.537,0.555,2.8,3.1,0.868,0.8,3.2,4,4.8,1.1,0.3,2.2,1.7,18.5
Will Barton,SF,29,DEN,58,58,33,5.7,12.7,0.482,1.9,5,0.326,3.9,7.8,0.5,0.543,1.8,2.3,0.535,1.3,5,6.3,3.7,1.1,0.5,1.5,2.1,15.1
Jerami Grant,PF,25,DEN,71,24,26.6,4.3,8.9,0.42,1.4,3.5,0.333,2.9,5.4,0.479,0.487,2.1,2.8,0.724,0.8,2.7,3.5,1.2,0.7,0.8,0.9,2.2,12
Paul Millsap,PF,34,DEN,51,48,24.3,4.1,8.6,0.509,1.1,2.4,0.3,3.1,6.2,0.564,0.59,2.3,2.8,0.8,1.9,3.8,5.7,1.6,0.9,0.6,1.4,2.9,11.6
Gary Harris,SG,25,DEN,56,55,31.8,3.9,9.3,0.459,1.3,3.8,0.25,2.6,5.5,0.495,0.517,1.3,1.6,0.611,0.5,2.4,2.9,2.1,1.4,0.3,1.1,2.1,10.4
Michael Porter Jr.,SF,21,DEN,55,8,16.4,3.5,7,0.389,1.1,2.7,0.5,2.4,4.3,0.421,0.485,1.1,1.3,0.8,1.2,3.5,4.7,0.8,0.5,0.5,0.9,1.8,9.3
Monte Morris,PG,24,DEN,73,12,22.4,3.6,7.8,0.615,0.9,2.4,1,2.7,5.4,0.625,0.615,1,1.2,0.64,0.3,1.5,1.9,3.5,0.8,0.2,0.7,1,9
Malik Beasley,SG,23,DEN,41,0,18.2,2.9,7.3,0.414,1.4,3.9,0.167,1.4,3.4,0.444,0.468,0.8,0.9,0.75,0.2,1.7,1.9,1.2,0.8,0.1,0.9,1.2,7.9
Mason Plumlee,C,29,DEN,61,1,17.3,2.9,4.7,0.5,0,0.1,0.306,2.9,4.6,0.526,0.571,1.4,2.5,1,1.6,3.6,5.2,2.5,0.5,0.6,1.3,2.3,7.2
PJ Dozier,SG,23,DEN,29,0,14.2,2.2,5.4,0.461,0.6,1.7,0.048,1.7,3.7,0.603,0.545,0.7,1,0.5,0.3,1.6,1.9,2.2,0.5,0.2,0.9,1.6,5.8
Bol Bol,PF,20,DEN,7,0,12.4,2,4,0.464,0.6,1.3,0.399,1.4,2.7,0.526,0.518,1.1,1.4,1,0.7,2,2.7,0.9,0.3,0.9,1.4,1.6,5.7
Torrey Craig,SF,29,DEN,58,27,18.5,2.1,4.6,0.357,0.8,2.4,0.243,1.4,2.3,0.5,0.464,0.4,0.6,0.871,1.1,2.2,3.3,0.8,0.4,0.6,0.4,2.3,5.4
Keita Bates-Diop,SF,24,DEN,7,0,14,1.9,4,0.345,0.4,1.3,0.378,1.4,2.7,0.46,0.414,1.1,1.4,0.584,0.6,1.9,2.4,0,0.3,0.6,0.4,1,5.3
Juan Hernangómez,PF,24,DEN,34,0,12.4,1.1,3.2,0.5,0.4,1.8,0.188,0.7,1.5,0.5,0.5,0.5,0.7,0.776,0.7,2.1,2.8,0.6,0.1,0.1,0.5,0.9,3.1
Jordan McRae,SG,28,DEN,4,0,8,0.5,1.5,0.833,0.5,1,0.388,0,0.5,0.8,0.917,0.8,1,0.788,0.3,1,1.3,1,0.5,0.3,0,0.5,2.3
Noah Vonleh,C,24,DEN,7,0,4.3,0.7,0.9,0.714,0.1,0.1,0.399,0.6,0.7,0.714,0.714,0.3,0.6,0.727,0.4,0.7,1.1,0.3,0,0,0.3,0.6,1.9
Vlatko Čančar,PF,22,DEN,14,0,3.2,0.4,1.1,0.49,0.1,0.4,0.404,0.4,0.6,0.535,0.52,0.3,0.3,0.762,0.4,0.4,0.7,0.2,0.1,0.1,0.2,0.5,1.2
Derrick Rose,PG,31,DET,50,15,26,7.4,15.1,0.442,0.9,2.9,0.402,6.5,12.1,0.491,0.548,2.4,2.8,0.859,0.5,1.9,2.4,5.6,0.8,0.3,2.5,1,18.1
Andre Drummond,C,26,DET,49,48,33.8,7.3,13.9,0.352,0,0.4,0.4,7.3,13.4,0.439,0.406,3,5.2,0.814,4.6,11.2,15.8,2.8,2,1.7,3.6,3.6,17.8
Luke Kennard,SG,23,DET,28,25,32.9,5.4,12.2,0.384,2.6,6.5,0.286,2.8,5.7,0.388,0.462,2.4,2.7,0.739,0.3,3.2,3.5,4.1,0.4,0.2,1.5,2.3,15.8
Blake Griffin,PF,30,DET,18,18,28.4,4.9,13.9,0.567,1.5,6.2,0.344,3.4,7.7,0.636,0.62,4.2,5.4,1,0.9,3.7,4.7,3.3,0.4,0.4,2.2,1.5,15.5
Reggie Jackson,PG,29,DET,14,10,27.2,5.4,14.1,0.326,2.2,5.9,0.333,3.2,8.3,0.407,0.36,1.9,2.4,0.462,0.8,2.1,2.9,5.1,0.6,0.1,1.6,1.5,14.9
Christian Wood,PF,24,DET,62,12,21.4,4.6,8.2,0.383,0.9,2.3,0.357,3.8,5.9,0.357,0.543,2.9,3.9,0.674,1.7,4.6,6.3,1,0.5,0.9,1.4,1.6,13.1
Jordan McRae,SG,28,DET,4,0,24.5,3.5,10.8,0.45,0.8,4,0.364,2.8,6.8,0.5,0.546,4,5.5,0.664,0,3.8,3.8,1.8,0,0,1.3,2.5,11.8
Brandon Knight,PG,28,DET,9,3,24.6,3.4,9,0.435,2.9,7.4,0.2,0.6,1.6,0.493,0.557,1.8,2.3,0.792,0.1,2.2,2.3,4.2,0.6,0.1,2.4,2.2,11.6
Markieff Morris,PF,30,DET,44,16,22.5,4,8.8,0.41,1.7,4.3,0.333,2.3,4.5,0.425,0.552,1.4,1.8,0.5,0.5,3.4,3.9,1.6,0.6,0.3,1.6,2.4,11
Langston Galloway,SG,28,DET,66,6,25.8,3.6,8.2,0.443,2,5,0.374,1.6,3.2,0.47,0.48,1.1,1.3,0,0.5,1.8,2.3,1.5,0.7,0.2,0.6,1.5,10.3
Sviatoslav Mykhailiuk,SF,22,DET,56,27,22.6,3,7.2,0.445,2.1,5.1,0.245,0.9,2.1,0.531,0.579,1,1.3,0.667,0.3,1.6,1.9,1.9,0.7,0.1,1.1,1.6,9
Bruce Brown,PG,23,DET,58,43,28.2,3.4,7.7,0.667,0.6,1.7,0.339,2.8,6.1,0.696,0.686,1.5,2.1,0.785,1.1,3.7,4.7,4,1.1,0.5,1.7,2.8,8.9
Tony Snell,SF,28,DET,59,57,27.8,2.9,6.5,0.39,1.7,4.3,0.375,1.2,2.2,0.464,0.449,0.5,0.5,1,0.2,1.7,1.9,2.2,0.5,0.3,0.5,1.7,8
John Henson,C,29,DET,11,6,17.1,3.1,4.6,0.482,0.2,0.5,0.287,2.9,4.2,0.55,0.539,0.5,1.2,0.672,1.3,3.1,4.4,1,0.7,0.9,1.4,2.1,6.9
Sekou Doumbouya,PF,19,DET,38,19,19.8,2.4,6.2,0.362,0.7,2.6,0.4,1.7,3.6,0.375,0.415,0.8,1.2,0.897,0.5,2.6,3.1,0.5,0.5,0.2,0.9,2.1,6.4
Thon Maker,C,22,DET,60,14,12.9,1.6,3.2,0.294,0.4,1.1,0.356,1.2,2.2,0,0.441,1.2,1.8,0.774,0.9,1.9,2.8,0.7,0.4,0.7,0.8,1.7,4.7
Tim Frazier,PG,29,DET,27,11,13.1,1.3,3.5,0.381,0.4,1.1,0.308,0.9,2.4,0.4,0.476,0.7,0.9,0.851,0.3,0.9,1.2,3.4,0.5,0.1,1.3,1.6,3.6
Khyri Thomas,SG,23,DET,8,0,7.6,0.6,2.1,0.25,0.6,1.8,0.205,0,0.4,0.25,0.25,0.3,0.5,0.873,0.1,0,0.1,0.4,0.4,0,0.4,1.1,2.1
Louis King,SF,20,DET,10,0,6.2,0.8,2.1,0.25,0.4,1.1,0.324,0.4,1,0.3,0.3,0,0.3,0.75,0.1,0.9,1,0.5,0.2,0,0.2,1,2
D'Angelo Russell,PG,23,GSW,33,33,32.1,8.3,19.2,0.457,3.6,9.7,0.391,4.6,9.5,0.424,0.511,3.4,4.4,0,0.4,3.3,3.7,6.2,0.9,0.3,3.1,1.9,23.6
Stephen Curry,PG,31,GSW,5,5,27.8,6.6,16.4,0.406,2.4,9.8,0.308,4.2,6.6,0.55,0.476,5.2,5.2,0.759,0.8,4.4,5.2,6.6,1,0.4,3.2,2.2,20.8
Andrew Wiggins,SF,24,GSW,12,12,33.6,7.2,15.7,0.497,1.7,4.9,0.348,5.5,10.8,0.522,0.526,3.4,5.1,0.614,1.5,3.1,4.6,3.6,1.3,1.4,2.1,2.2,19.4
Alec Burks,SF,28,GSW,48,18,29,5.1,12.5,0.481,1.8,4.7,0.342,3.3,7.9,0.471,0.548,4.2,4.7,0.793,0.8,3.9,4.7,3.1,1,0.4,1.6,2.2,16.1
Eric Paschall,PF,23,GSW,60,26,27.6,5.3,10.7,0.417,0.6,2.2,0.231,4.7,8.5,0.667,0.5,2.7,3.5,0.829,1.4,3.2,4.6,2.1,0.5,0.2,1.6,2.1,14
Glenn Robinson III,SF,26,GSW,48,48,31.6,5.1,10.6,0.388,1.4,3.5,0.071,3.7,7,0.584,0.507,1.3,1.5,0.6,1.4,3.3,4.7,1.8,0.9,0.3,1,1.7,12.9
Damion Lee,SG,27,GSW,49,36,29,4.3,10.4,0.545,1.7,4.9,0.375,2.6,5.6,0.541,0.556,2.2,2.6,0.862,0.7,4.2,4.9,2.7,1,0.1,1.4,2.4,12.7
Mychal Mulder,SF,25,GSW,7,3,29.1,3.7,9.6,0.437,2.3,7.4,0,1.4,2.1,0.392,0.514,1.3,1.7,0.842,0.4,2.9,3.3,1.1,0.3,0.1,0.7,2.9,11
Marquese Chriss,PF,22,GSW,59,21,20.3,3.6,6.5,0.333,0.1,0.7,0.355,3.4,5.9,0.533,0.406,2,2.6,0.75,1.9,4.3,6.2,1.9,0.7,1.1,1.3,2.1,9.3
Dragan Bender,PF,22,GSW,9,3,21.7,3.4,7.9,0.5,1.2,3.8,0.258,2.2,4.1,0.465,0.568,0.9,1.2,1,1.8,4.1,5.9,2.1,0.4,0.4,1.8,2.9,9
Jordan Poole,SG,20,GSW,57,14,22.4,2.9,8.8,0.389,1.3,4.6,0.317,1.6,4.2,0.56,0.446,1.7,2.1,0.833,0.2,1.9,2.1,2.4,0.6,0.2,1.3,1.6,8.8
Jeremy Pargo,PG,33,GSW,3,0,14.7,3.7,7.3,0.56,1,2.3,0.354,2.7,5,0.454,0.56,0,0.3,0.865,0.3,0.7,1,2.7,0.3,0,1.3,2.7,8.3
Draymond Green,PF,29,GSW,43,43,28.4,2.9,7.3,0.431,0.8,3,0.315,2,4.3,0.472,0.503,1.5,1.9,0.763,0.5,5.7,6.2,6.2,1.4,0.8,2.3,2.6,8
Omari Spellman,C,22,GSW,49,3,18.1,2.6,6,0.46,0.9,2.2,0.4,1.7,3.8,0.337,0.524,1.5,1.9,0.529,1.6,2.9,4.5,1,0.7,0.5,1.1,1.3,7.6
Ky Bowman,PG,22,GSW,45,12,22.6,3,7.1,0.338,0.7,2.4,0.356,2.2,4.8,0.63,0.387,0.8,0.9,0.857,0.5,2.2,2.7,2.9,1,0.2,1.6,2.3,7.4
Juan Toscano-Anderson,SG,26,GSW,13,6,20.9,2.2,4.8,0.5,0.6,1.8,0.358,1.6,3.1,0.431,0.538,0.2,0.4,0.8,0.7,3.3,4,2,1,0.4,1.2,2.3,5.3
Jacob Evans,SG,22,GSW,27,1,15.3,1.7,4.9,0.367,0.5,1.4,0.25,1.2,3.5,0,0.373,0.9,1.1,0.811,0.3,1.2,1.5,1.1,0.4,0.4,0.9,1.5,4.7
Alen Smailagić,C,19,GSW,14,0,9.9,1.4,2.9,0.273,0.2,0.9,0.346,1.2,1.9,0,0.409,1.1,1.4,0.746,0.7,1.2,1.9,0.9,0.2,0.3,0.8,1,4.2
Kevon Looney,C,23,GSW,20,4,13.1,1.5,4,0,0.1,0.7,0,1.4,3.3,0.556,0,0.5,0.6,0.703,1.4,1.9,3.3,1,0.6,0.3,0.6,1.7,3.4
Zach Norvell,SG,22,GSW,3,0,12,1,3.7,0.444,1,2.7,0.353,0,1,0.514,0.543,0.3,0.3,0.813,0,1.7,1.7,1,0.7,0,1,1.3,3.3
Chasson Randle,PG,26,GSW,3,0,13.3,0,1.3,0.472,0,0.7,0.25,0,0.7,0.469,0.493,1.7,2,0.773,0,0.7,0.7,1.7,0.7,0,0,1,1.7
James Harden,SG,30,HOU,68,68,36.5,9.9,22.3,0.369,4.4,12.4,0.2,5.5,9.9,0.629,0.473,10.2,11.8,0.909,1,5.5,6.6,7.5,1.8,0.9,4.5,3.3,34.3
Russell Westbrook,PG,31,HOU,57,57,35.9,10.6,22.5,0.629,1,3.7,0.278,9.6,18.7,0.8,0.629,5.1,6.7,0.679,1.8,6.2,7.9,7,1.6,0.4,4.5,3.5,27.2
Eric Gordon,SF,31,HOU,36,15,28.2,4.8,12.9,0.564,2.7,8.4,0.174,2.1,4.4,0.61,0.658,2.3,3,0.857,0.3,1.7,2,1.5,0.6,0.4,1.2,1.9,14.4
Jeff Green,C,33,HOU,18,2,22.6,4.7,8.3,0.427,1.6,4.4,0,3.1,3.9,0.656,0.546,1.3,1.6,0.375,0.6,2.3,2.9,1.7,0.8,0.5,0.8,2.4,12.2
Robert Covington,C,29,HOU,22,21,33,4,10.3,0.444,2.4,7.6,0.403,1.6,2.7,0.498,0.61,1.1,1.4,0.643,1.2,6.8,8,1.5,1.6,2.2,1.4,3.3,11.6
Danuel House,SF,26,HOU,63,52,30.4,3.7,8.6,0.421,2,5.6,0.254,1.6,2.9,0.551,0.517,1.2,1.4,0.5,0.9,3.3,4.2,1.3,1.1,0.5,0.9,2.1,10.5
Ben McLemore,SF,26,HOU,71,23,22.8,3.4,7.7,0.415,2.5,6.4,0.326,0.9,1.3,0.647,0.541,0.7,0.9,0.462,0.3,1.9,2.2,0.8,0.6,0.2,0.7,2.2,10.1
Austin Rivers,SG,27,HOU,68,4,23.4,3.1,7.4,0.432,1.4,4,0.317,1.7,3.4,0.571,0.5,1.1,1.6,0.819,0.4,2.2,2.6,1.7,0.7,0.1,0.7,1.9,8.8
P.J. Tucker,PF,34,HOU,72,72,34.3,2.5,5.9,0.401,1.5,4.2,0.335,1,1.8,0.71,0.532,0.5,0.7,0.723,1.6,5.1,6.6,1.6,1.1,0.5,1,3.2,6.9
DeMarre Carroll,C,33,HOU,9,0,17.2,1.8,4.1,0.657,0.6,2.2,0.344,1.2,1.9,0.625,0.657,1.9,2.4,0.892,0.6,2.1,2.7,1.6,0.7,0.3,0.8,1.3,6
Chris Clemons,SG,22,HOU,33,0,8.8,1.7,4.3,0.39,1.1,3.2,0.435,0.6,1.1,0.667,0.542,0.3,0.3,0.814,0.1,0.8,0.9,0.8,0.3,0.2,0.6,0.8,4.9
Isaiah Hartenstein,C,21,HOU,23,2,11.6,1.9,2.9,0.5,0,0.2,0.394,1.9,2.7,0.5,0.55,0.8,1.2,0.836,1.3,2.7,3.9,0.8,0.4,0.5,0.7,1.8,4.7
Gary Clark,PF,25,HOU,18,0,11.8,1.3,3.3,0.286,1,2.8,0.405,0.3,0.4,0.595,0.357,0.3,0.4,0.751,0.6,1.6,2.2,0.7,0.1,0.4,0.1,1.2,3.9
Bruno Caboclo,C,24,HOU,8,0,6.5,1.3,2.5,0.407,0.3,1,0.294,1,1.5,0.5,0.489,0.8,0.8,0.828,0.8,1.3,2,0.3,0.6,0.6,0.8,1,3.5
Thabo Sefolosha,PF,35,HOU,41,0,10.6,0.9,2.2,0.4,0.4,1.3,0.154,0.5,0.9,0.778,0.4,0.1,0.2,0.791,0.5,1.8,2.3,0.6,0.6,0.3,0.4,1,2.2
Michael Frazier,SG,25,HOU,13,0,11.2,0.5,2.2,0.778,0.3,1.8,0.19,0.2,0.5,0.575,0.778,0.7,1.1,0.833,0.1,0.7,0.8,0.2,0.2,0,0.4,1.7,2.1
Luc Mbah a Moute,PF,33,HOU,3,0,8.3,0.7,1.7,0,0,0.7,0.278,0.7,1,0.565,0,0.3,0.7,0.552,0.3,0.3,0.7,0,0.7,0,0.3,0,1.7
T.J. Warren,SF,26,IND,67,67,32.9,8,14.9,0.438,1.4,3.4,0,6.6,11.5,0.508,0.489,2.5,3,0.438,1,3.2,4.2,1.5,1.2,0.5,1.3,2.8,19.8
Domantas Sabonis,PF,23,IND,62,62,34.8,7.4,13.7,0.394,0.3,1.1,0.378,7.1,12.6,0.54,0.461,3.5,4.8,0.7,3,9.4,12.4,5,0.8,0.5,2.7,3.1,18.5
Malcolm Brogdon,PG,27,IND,54,54,30.9,6,13.8,0.451,1.4,4.3,0.412,4.6,9.5,0.549,0.506,3.1,3.4,0.886,0.9,4,4.9,7.1,0.6,0.2,2.4,1.8,16.5
Victor Oladipo,SG,27,IND,19,16,27.8,5.1,12.9,0.457,1.7,5.5,0,3.4,7.5,0.427,0.53,2.5,3.1,0.876,0.5,3.5,3.9,2.9,0.9,0.2,2.5,1.9,14.5
Jeremy Lamb,SG,27,IND,46,42,28.1,4.7,10.4,0.488,1.2,3.4,0.352,3.5,7,0.477,0.605,2,2.4,0.658,0.5,3.8,4.3,2.1,1.2,0.5,1.1,2.3,12.5
Myles Turner,C,23,IND,62,62,29.5,4.3,9.5,0.414,1.4,4,0.31,2.9,5.4,0.525,0.491,2,2.7,0.861,1.4,5.2,6.6,1.2,0.7,2.1,1.4,2.7,12.1
Doug McDermott,PF,28,IND,69,0,19.9,3.9,7.9,0.428,1.9,4.3,0.413,2,3.7,0.528,0.566,0.7,0.8,0.818,0.4,2.1,2.5,1.1,0.2,0.1,0.6,1.7,10.3
Aaron Holiday,PG,23,IND,66,33,24.5,3.5,8.5,0.516,1.3,3.3,0.375,2.2,5.2,0.647,0.522,1.1,1.3,0.905,0.3,2,2.4,3.4,0.8,0.2,1.3,1.8,9.5
Justin Holiday,SF,30,IND,73,6,25,2.8,6.7,0.43,1.8,4.5,0,1,2.1,0.574,0.479,0.7,0.9,0.855,0.4,2.8,3.3,1.3,1.2,0.6,0.6,1.9,8.3
T.J. McConnell,PG,27,IND,71,3,18.7,3,5.8,0.591,0.1,0.2,0.388,2.9,5.5,0.456,0.6,0.5,0.6,0.747,0.5,2.1,2.7,5,0.8,0.2,1.4,1,6.5
Edmond Sumner,SG,24,IND,31,3,14.4,2,4.6,0.467,0.5,1.7,0.387,1.5,2.9,0.8,0.493,0.5,0.9,0.66,0.4,1.1,1.5,1.8,0.5,0.3,0.7,1.4,4.9
JaKarr Sampson,PF,26,IND,34,12,13.9,2,3.4,0.419,0.1,0.4,0.37,1.9,3,0.429,0.448,0.5,0.8,0.75,0.6,2,2.6,0.6,0.5,0.4,0.4,1.9,4.6
Goga Bitadze,C,20,IND,54,2,8.7,1.3,2.8,0.353,0.1,0.8,0.39,1.1,2,0.375,0.412,0.4,0.6,0.571,0.5,1.5,2,0.4,0.2,0.7,0.5,1.2,3.2
T.J. Leaf,PF,22,IND,28,1,7.9,1.3,3.1,0.414,0.2,0.6,0.45,1.1,2.4,0.506,0.466,0.3,0.6,0.814,0.8,1.7,2.5,0.3,0.4,0.1,0.3,0.8,3
Alize Johnson,PF,23,IND,17,1,6.9,0.7,1.7,0.47,0.2,0.5,0.316,0.5,1.2,0.593,0.524,0.4,0.6,0.559,0.9,1.9,2.8,0.4,0.2,0.1,0.4,0.7,2
Kawhi Leonard,SF,28,LAC,57,57,32.4,9.3,19.9,0.58,2.2,5.7,0.35,7.2,14.2,0.533,0.58,6.2,7.1,0.579,0.9,6.1,7.1,4.9,1.8,0.6,2.6,2,27.1
Paul George,SG,29,LAC,48,48,29.6,7.1,16.3,0.418,3.3,7.9,1,3.9,8.4,0.492,0.477,4,4.5,0.75,0.5,5.2,5.7,3.9,1.4,0.4,2.6,2.4,21.5
Montrezl Harrell,C,26,LAC,63,2,27.8,7.5,12.9,0.425,0,0.3,0.429,7.5,12.6,0.495,0.5,3.7,5.6,0.667,2.6,4.5,7.1,1.7,0.6,1.1,1.7,2.3,18.6
Lou Williams,PG,33,LAC,65,8,28.7,6,14.4,0.453,1.7,4.8,0.33,4.3,9.6,0.616,0.555,4.5,5.2,0.714,0.5,2.6,3.1,5.6,0.7,0.2,2.8,1.2,18.2
Marcus Morris,PF,30,LAC,19,19,28.9,3.9,9.2,0.404,1.4,4.4,0.348,2.5,4.7,0.496,0.546,0.9,1.2,0.778,0.6,3.5,4.1,1.4,0.7,0.7,1.3,2.7,10.1
Reggie Jackson,SG,29,LAC,17,6,21.3,3.4,7.5,0.613,1.5,3.7,0.316,1.9,3.8,0.518,0.613,1.1,1.2,0.846,0.4,2.6,3,3.2,0.3,0.2,1.6,2.2,9.5
Landry Shamet,SG,22,LAC,53,30,27.4,3,7.4,0.431,2.1,5.6,0.233,0.9,1.8,0.59,0.548,1.2,1.4,0.693,0.1,1.8,1.9,1.9,0.4,0.2,0.8,2.7,9.3
Ivica Zubac,C,22,LAC,72,70,18.4,3.3,5.3,0.429,0,0,0.385,3.3,5.3,0.459,0.56,1.7,2.3,0.735,2.7,4.8,7.5,1.1,0.2,0.9,0.8,2.3,8.3
Patrick Beverley,PG,31,LAC,51,50,26.3,2.9,6.7,0.516,1.6,4,0.364,1.3,2.6,0.417,0.578,0.6,0.9,0.875,1.1,4.1,5.2,3.6,1.1,0.5,1.3,3.1,7.9
JaMychal Green,PF,29,LAC,63,1,20.7,2.4,5.6,0.408,1.5,3.8,0.367,0.9,1.8,0.522,0.552,0.6,0.8,0.775,1.2,4.9,6.2,0.8,0.5,0.4,0.9,2.8,6.8
Maurice Harkless,PF,26,LAC,50,38,22.8,2.2,4.3,0.438,0.5,1.5,0.6,1.7,2.9,0.486,0.578,0.5,0.8,0.833,0.9,3.1,4,1,1,0.6,0.9,2.4,5.5
Patrick Patterson,PF,30,LAC,59,18,13.2,1.6,3.9,0.398,1.1,2.9,0.328,0.5,1,0.391,0.464,0.6,0.7,0.688,0.6,2,2.6,0.7,0.1,0.1,0.4,0.9,4.9
Mfiondu Kabengele,C,22,LAC,12,0,5.3,1.2,2.7,0.426,0.8,1.7,0.5,0.4,1,0.5,0.481,0.4,0.4,0.514,0.1,0.8,0.9,0.2,0.2,0.2,0.2,0.8,3.5
Rodney McGruder,SG,28,LAC,56,4,15.6,1.3,3.2,0.338,0.4,1.6,0.308,0.9,1.6,0.508,0.408,0.3,0.6,0.659,0.5,2.2,2.7,0.6,0.5,0.1,0.4,1.3,3.3
Amir Coffey,SG,22,LAC,18,1,8.8,1.3,3,0.5,0.3,1.1,0.333,0.9,1.9,0.714,0.5,0.3,0.6,0.646,0.2,0.7,0.9,0.8,0.3,0.1,0.4,1.1,3.2
Jerome Robinson,SG,22,LAC,42,1,11.3,1.1,3.2,0.468,0.5,1.6,0.333,0.6,1.6,0.533,0.513,0.3,0.5,0.5,0.1,1.3,1.4,1.1,0.3,0.2,0.6,1.3,2.9
Terance Mann,SF,23,LAC,41,6,8.8,0.9,1.9,0.472,0.2,0.5,0.357,0.7,1.4,0.564,0.597,0.4,0.7,0.833,0.2,1.1,1.3,1.3,0.3,0.1,0.4,1.1,2.4
Johnathan Motley,PF,24,LAC,13,0,3.2,0.8,1.2,0.503,0.1,0.1,0.091,0.8,1.1,0.518,0.536,0.4,0.5,0.786,0.2,0.5,0.8,0.6,0.2,0,0.4,0.5,2.2
Derrick Walton,PG,24,LAC,23,1,9.7,0.7,1.6,0.493,0.4,0.9,0.429,0.3,0.7,0.558,0.55,0.3,0.4,0.625,0.1,0.6,0.7,1,0.2,0,0.2,0.8,2.2
Anthony Davis,PF,26,LAL,62,62,34.4,8.9,17.7,0.436,1.2,3.5,0.335,7.7,14.2,0.541,0.5,7.2,8.5,1,2.3,7,9.3,3.2,1.5,2.3,2.5,2.5,26.1
LeBron James,PG,35,LAL,67,67,34.6,9.6,19.4,0.425,2.2,6.3,0.394,7.4,13.1,0.51,0.473,3.9,5.7,1,1,6.9,7.8,10.2,1.2,0.5,3.9,1.8,25.3
Kyle Kuzma,PF,24,LAL,61,9,25,4.8,11,0.467,1.4,4.5,0.358,3.4,6.5,0.524,0.558,1.9,2.5,0.5,0.9,3.6,4.5,1.3,0.5,0.4,1.5,2.1,12.8
Dion Waiters,SG,28,LAL,7,0,23.6,4.4,10.4,0.444,1,4.3,0.352,3.4,6.1,0.732,0.526,2,2.3,0.776,0.3,1.6,1.9,2.4,0.6,0.6,1.9,2.3,11.9
Kentavious Caldwell-Pope,SG,26,LAL,69,26,25.5,3.4,7.3,0.416,1.3,3.5,0.359,2.1,3.9,0.473,0.542,1.1,1.5,0.747,0.6,1.5,2.1,1.6,0.8,0.2,0.9,1.9,9.3
Avery Bradley,SG,29,LAL,49,44,24.2,3.5,7.8,0.729,1.3,3.5,0.293,2.2,4.3,0.64,0.735,0.4,0.5,0.808,0.4,2,2.3,1.3,0.9,0.1,1,2.2,8.6
Danny Green,SG,32,LAL,68,68,24.8,2.9,7,0.418,1.8,4.8,0.319,1.1,2.2,0.5,0.48,0.5,0.7,0.74,0.8,2.6,3.3,1.3,1.3,0.5,0.9,2,8
Dwight Howard,C,34,LAL,69,2,18.9,2.9,4,0.637,0,0.1,0.404,2.9,3.9,0.588,0.642,1.6,3.1,0.759,2.5,4.9,7.3,0.7,0.4,1.1,1.2,3.2,7.5
Rajon Rondo,PG,33,LAL,48,3,20.5,2.9,6.8,0.5,0.9,2.6,0.286,2,4.2,0.468,0.5,0.6,0.9,0.789,0.5,2.5,3,5,0.8,0,1.9,1.2,7.1
JaVale McGee,C,32,LAL,68,68,16.6,2.9,4.5,0.467,0,0.1,0.379,2.8,4.4,0.5,0.533,0.8,1.2,0.7,1.8,3.9,5.7,0.5,0.5,1.4,0.8,2.3,6.6
Talen Horton-Tucker,SG,19,LAL,6,1,13.5,2.3,5,0.406,0.7,2.2,0.667,1.7,2.8,0.478,0.5,0.3,0.7,0.769,0.3,0.8,1.2,1,1.3,0.2,1,1.7,5.7
Alex Caruso,PG,25,LAL,64,2,18.4,1.9,4.5,0.425,0.6,1.9,0.282,1.3,2.7,0.545,0.498,1.1,1.5,0.741,0.3,1.7,1.9,1.9,1.1,0.3,0.8,1.5,5.5
Markieff Morris,PF,30,LAL,14,1,14.2,2,4.9,0.392,0.9,2.8,0.381,1.1,2.1,0.333,0.519,0.4,0.4,0.738,1.1,2.1,3.2,0.6,0.4,0.4,0.4,2.1,5.3
Quinn Cook,PG,26,LAL,44,1,11.5,2.1,4.9,0.318,0.7,1.9,0.667,1.4,2.9,1,0.341,0.3,0.3,1,0.3,0.9,1.2,1.1,0.3,0,0.8,0.6,5.1
Troy Daniels,SG,28,LAL,41,0,11.1,1.5,3.9,0.4,1,2.7,0.415,0.5,1.1,0,0.55,0.2,0.4,0.667,0.3,0.8,1.1,0.3,0.2,0.1,0.2,0.7,4.2
J.R. Smith,SG,34,LAL,6,0,13.2,1.2,3.7,1,0.2,1.8,0.301,1,1.8,0.511,1,0.3,0.3,0.684,0,0.8,0.8,0.5,0.2,0,0.7,0.8,2.8
Jared Dudley,PF,34,LAL,45,1,8.1,0.5,1.3,0,0.4,0.9,0.16,0.1,0.4,0.54,0,0,0,1,0.1,1,1.2,0.6,0.3,0.1,0.2,0.9,1.5
Ja Morant,PG,20,MEM,67,67,31,6.7,14,0.407,0.9,2.7,0,5.8,11.3,0.658,0.476,3.6,4.6,0.667,0.8,3.1,3.9,7.3,0.9,0.3,3.3,1.6,17.8
Jaren Jackson Jr.,C,20,MEM,57,57,28.5,6.2,13.2,0.585,2.5,6.5,0.244,3.6,6.8,0.519,0.606,2.4,3.3,0.5,1,3.6,4.6,1.4,0.7,1.6,1.7,4.1,17.4
Dillon Brooks,SG,24,MEM,73,73,28.9,6,14.6,0.618,2,5.6,0.367,3.9,9,0.54,0.642,2.2,2.8,0.375,0.9,2.4,3.3,2.1,0.9,0.4,1.7,3.8,16.2
Jonas Valančiūnas,C,27,MEM,70,70,26.4,6.2,10.6,0.368,0.5,1.3,0.143,5.7,9.3,0.545,0.466,2.1,2.9,1,3,8.2,11.3,1.9,0.4,1.1,1.8,2.6,14.9
Brandon Clarke,PF,23,MEM,58,4,22.4,5.1,8.3,0.44,0.4,1.1,0.35,4.7,7.2,0.464,0.513,1.5,1.9,0.834,1.6,4.4,5.9,1.4,0.6,0.8,0.9,1.7,12.1
Jae Crowder,SF,29,MEM,45,45,29.4,3.3,8.9,0.466,1.7,5.9,0.389,1.5,3,0.492,0.58,1.7,2.1,0.776,0.9,5.3,6.2,2.8,1,0.3,1.2,1.9,9.9
Josh Jackson,SF,22,MEM,22,0,17.3,3.2,7.2,0.401,1,3.3,0.446,2.1,4,0.618,0.451,1.6,2.3,0.691,0.5,2.5,3,1.6,0.8,0.4,1.3,1.8,9
Grayson Allen,SG,24,MEM,38,0,18.9,3.1,6.6,0.459,1.5,3.7,0.445,1.6,2.9,0.333,0.514,1,1.2,0.85,0.2,2,2.2,1.4,0.3,0.1,0.9,1.4,8.7
De'Anthony Melton,PG,21,MEM,60,8,19.5,2.7,6.7,0.483,0.7,2.3,0.222,2,4.4,0.541,0.529,1.6,2,0.87,0.7,3,3.7,2.9,1.3,0.3,1.4,1.8,7.6
Tyus Jones,PG,23,MEM,65,6,19,3,6.6,0.444,0.7,1.9,0.471,2.3,4.7,0.465,0.556,0.7,0.9,0.931,0.1,1.4,1.6,4.4,0.9,0.1,0.8,0.7,7.4
Gorgui Dieng,C,30,MEM,17,0,18.7,2.5,5.1,0.474,0.5,1.9,0.28,2,3.2,0.25,0.511,1.8,2.5,0.733,1.1,4.7,5.8,0.9,0.8,1,0.9,2.1,7.2
Dusty Hannahs,SG,26,MEM,2,0,6.5,2,4.5,0.412,1,1.5,0.406,1,3,0.286,0.532,1,1,0.667,0,0.5,0.5,0,0,0,0,0.5,6
Kyle Anderson,SF,26,MEM,67,28,19.9,2.3,4.9,0.429,0.4,1.3,0.414,2,3.7,0.5,0.571,0.8,1.2,0,0.9,3.4,4.3,2.4,0.8,0.6,1,1.7,5.8
Solomon Hill,PF,28,MEM,48,3,18.8,2,4.9,0.396,1.2,3.1,0.356,0.8,1.8,0.545,0.573,0.5,0.8,0.772,0.5,2.5,3,2,0.6,0.1,0.8,1.5,5.7
Jordan Bell,C,25,MEM,2,0,10.5,1.5,3.5,0.395,1,1.5,0.298,0.5,2,0.704,0.475,1,1,0.86,1,0.5,1.5,1,0.5,0,1.5,1,5
Anthony Tolliver,PF,34,MEM,13,4,18.2,1.5,3.7,0.406,1.3,3.2,0.292,0.2,0.5,0.462,0.435,0.5,0.6,0.643,0.4,2.2,2.5,0.8,0.5,0.1,0.7,1.1,4.8
Marko Guduric,SG,24,MEM,44,0,11,1.4,3.6,0.649,0.6,1.9,0.333,0.8,1.7,0.333,0.716,0.5,0.6,0.571,0.3,1.3,1.7,1,0.3,0.2,0.8,0.8,3.9
Bruno Caboclo,C,24,MEM,22,0,8.7,1.3,3.1,0.441,0.2,1.1,0,1.1,2,0.495,0.485,0.1,0.1,0.4,0.8,1.2,2,0.5,0.5,0.5,0.3,1,2.8
John Konchar,SG,23,MEM,19,0,9.5,1.3,1.9,0.143,0.3,0.5,0.222,1,1.4,0.505,0.143,0.1,0.1,0.875,0.9,1.5,2.5,1.2,0.4,0.2,0.4,0.4,2.8
Yuta Watanabe,SF,25,MEM,18,0,5.8,0.8,1.9,0.455,0.2,0.4,0,0.7,1.4,0.564,0.474,0.2,0.4,0.75,0.4,0.7,1.1,0.3,0.3,0.1,0.1,0.5,2
Jarrod Uthoff,PF,26,MEM,4,0,3.5,0.3,1.8,0.441,0,1,0.5,0.3,0.8,0.505,0.526,0.5,0.5,0.673,0.3,0,0.3,0,0.3,0,0,0.3,1
Jimmy Butler,SF,30,MIA,58,58,33.8,5.9,13.1,0.557,0.5,2.1,0.304,5.4,11,0.462,0.558,7.6,9.1,0.5,1.8,4.8,6.7,6,1.8,0.6,2.2,1.4,19.9
Goran Dragić,PG,33,MIA,59,3,28.2,5.4,12.3,0.439,2.1,5.7,0.415,3.3,6.5,0.654,0.514,3.2,4.2,0.633,0.5,2.7,3.2,5.1,0.7,0.2,2.4,2.1,16.2
Bam Adebayo,PF,22,MIA,72,72,33.6,6.1,11,0.428,0,0.2,0.344,6.1,10.8,0.611,0.52,3.7,5.3,0.916,2.4,7.8,10.2,5.1,1.1,1.3,2.8,2.5,15.9
Kendrick Nunn,PG,24,MIA,67,67,29.3,6,13.6,0.47,2,5.8,0.314,3.9,7.8,0.431,0.667,1.3,1.5,0.79,0.3,2.4,2.7,3.3,0.8,0.2,1.7,2.3,15.3
Tyler Herro,SG,20,MIA,55,8,27.4,4.9,11.5,0.482,2.1,5.4,0.46,2.8,6.1,0.222,0.655,1.6,1.8,0.836,0.3,3.8,4.1,2.2,0.6,0.2,1.6,1.4,13.5
Duncan Robinson,SG,25,MIA,73,68,29.7,4.4,9.4,0.388,3.7,8.3,0.336,0.7,1.1,0.677,0.411,0.9,1,0.842,0.1,3,3.2,1.4,0.5,0.3,1,2.6,13.5
Jae Crowder,PF,29,MIA,20,8,27.7,4,8.2,0.385,2.9,6.4,0.364,1.1,1.8,0.543,0.538,1.1,1.5,0.733,0.6,4.8,5.4,1.8,1.3,0.5,0.8,2.9,11.9
Justise Winslow,SG,23,MIA,11,5,32,4.5,11.7,0.527,0.5,2.5,0.286,4,9.3,0.623,0.58,1.6,2.5,0.765,1.5,5.2,6.6,4,0.6,0.5,2.2,3.5,11.3
Dion Waiters,SG,28,MIA,3,0,14,3.3,8.7,0.462,2.7,5.7,0.418,0.7,3,0.548,0.582,0,0.3,0.588,0,3.7,3.7,1,0,0.7,1,1.7,9.3
Derrick Jones Jr.,SF,22,MIA,59,16,23.3,3.1,5.9,0.509,0.6,2.2,0.365,2.5,3.7,0.585,0.622,1.6,2.1,0.854,1.1,2.8,3.9,1.1,1,0.6,0.5,2.2,8.5
Kelly Olynyk,C,28,MIA,67,9,19.4,2.7,5.9,0.448,1.4,3.5,0.331,1.3,2.4,0.333,0.54,1.3,1.5,0.828,0.7,3.9,4.6,1.7,0.7,0.3,1.1,2.6,8.2
Meyers Leonard,C,27,MIA,51,49,20.3,2.3,4.6,0.432,1,2.5,0.333,1.3,2.1,0.375,0.511,0.4,0.5,0.775,0.6,4.5,5.1,1.1,0.3,0.3,0.8,2.1,6.1
James Johnson,PF,32,MIA,18,0,15.6,2.2,4.8,0.311,0.9,2.5,0.324,1.3,2.3,0.64,0.389,0.4,0.8,0.528,0.4,2.4,2.9,1.2,0.3,0.7,0.8,1.9,5.7
Andre Iguodala,SF,36,MIA,21,0,19.9,1.8,4.2,0.364,0.7,2.2,0.308,1.1,2,0.2,0.409,0.3,0.7,0.8,0.8,2.9,3.7,2.4,0.7,1,1.2,1.7,4.6
Solomon Hill,PF,28,MIA,11,1,17,1.3,4.1,0.615,0.6,2.2,0.444,0.6,1.9,0.75,0.615,1.3,1.5,0.857,0.5,1.5,1.9,0.9,1.1,0.5,1,1.1,4.5
Udonis Haslem,C,39,MIA,4,1,11,1,2.8,0.216,0.3,0.8,0.247,0.8,2,0.5,0.297,0.8,1,0.667,0.3,3.8,4,0.3,0,0,0.3,1.5,3
Chris Silva,PF,23,MIA,44,0,7.9,1.1,1.8,0.6,0,0.1,0,1.1,1.7,0,0.6,0.8,1.3,0.611,1.4,1.5,2.9,0.5,0.2,0.5,0.7,1.9,3
KZ Okpala,PF,20,MIA,5,0,5.2,0.6,1,0.333,0,0.2,0.331,0.6,0.8,0.546,0.5,0.2,0.4,0.796,0.2,0.8,1,0.2,0.4,0.2,0.2,0.4,1.4
Giannis Antetokounmpo,PF,25,MIL,63,63,30.4,10.9,19.7,0.475,1.4,4.7,0.379,9.5,15,0.565,0.528,6.3,10,0.75,2.2,11.4,13.6,5.6,1,1,3.7,3.1,29.5
Khris Middleton,SF,28,MIL,62,59,29.9,7.6,15.3,0.435,2.4,5.7,0.42,5.2,9.6,0.567,0.511,3.4,3.7,0.868,0.7,5.5,6.2,4.3,0.9,0.1,2.2,2.3,20.9
Eric Bledsoe,PG,30,MIL,61,61,27,5.5,11.5,0.516,1.2,3.5,0.346,4.3,8,0.472,0.624,2.8,3.5,0.609,0.7,3.9,4.6,5.4,0.9,0.4,2.4,2.1,14.9
Brook Lopez,C,31,MIL,68,67,26.7,4.3,9.9,0.455,1.5,4.8,0.37,2.8,5.1,0.567,0.536,1.9,2.2,0.798,0.9,3.7,4.6,1.5,0.7,2.4,1,2.4,12
George Hill,PG,33,MIL,59,2,21.5,3.3,6.4,0.396,1.4,3,0.296,1.9,3.4,0.482,0.524,1.4,1.7,0.676,0.8,2.2,3,3.1,0.8,0.1,1,1.4,9.4
Donte DiVincenzo,SG,23,MIL,66,24,23,3.5,7.7,0.451,1.3,3.7,0.299,2.3,4,0.545,0.51,1,1.3,0.818,1,3.8,4.8,2.3,1.3,0.3,1.4,1.7,9.2
Wesley Matthews,SG,33,MIL,67,67,24.4,2.5,6.3,0.43,1.6,4.4,0.333,0.9,1.9,0.607,0.599,0.8,1,0.462,0.3,2.1,2.5,1.4,0.6,0.1,0.6,1.5,7.4
Frank Mason III,PG,25,MIL,9,0,13.1,2.6,5.7,0.466,0.7,2.3,0.33,1.9,3.3,0.577,0.546,1.1,1.9,0.75,0.6,1.6,2.1,3.2,0.6,0.1,1.2,1.2,6.9
Kyle Korver,SF,38,MIL,58,1,16.6,2.2,5.1,0.455,1.7,4.1,0.266,0.5,1,0.425,0.547,0.6,0.7,0.698,0.3,1.8,2.1,1.2,0.4,0.2,0.8,1.3,6.7
Ersan İlyasova,PF,32,MIL,63,8,15.7,2.3,5,0.492,0.8,2.2,0.382,1.5,2.8,0.722,0.55,1.1,1.4,0.796,1,3.8,4.8,0.8,0.4,0.3,0.5,1.5,6.6
Pat Connaughton,SG,27,MIL,67,4,18.6,2,4.5,0.371,0.8,2.5,0.383,1.2,2,0.5,0.457,0.5,0.6,0.667,0.9,3.3,4.2,1.6,0.4,0.5,0.8,1,5.4
Robin Lopez,C,31,MIL,66,5,14.5,2.2,4.5,0.439,0.5,1.6,0.33,1.7,2.9,0.576,0.544,0.4,0.8,0.797,0.8,1.6,2.4,0.7,0.2,0.7,1,1.5,5.4
Sterling Brown,SF,24,MIL,52,1,14.8,1.8,4.9,0.476,0.8,2.6,0.26,1,2.3,0.632,0.571,0.6,0.8,0.708,0.6,2.9,3.5,1,0.6,0.1,0.8,1,5.1
Marvin Williams,PF,33,MIL,17,0,18.9,1.5,3.4,0.394,0.7,2.3,0.241,0.8,1.1,0.586,0.462,0.4,0.4,0.968,0.9,3.5,4.4,1.1,0.6,0.5,0.5,1.9,4
Dragan Bender,C,22,MIL,7,0,13,1.4,3,0.5,0.6,1.3,0.143,0.9,1.7,0.505,0.5,0.3,0.4,0.73,0,2.9,2.9,1.3,0,0.7,0.7,2.3,3.7
D.J. Wilson,PF,23,MIL,37,1,9.8,1.4,3.6,0.508,0.5,2,0.115,0.9,1.6,0.485,0.6,0.3,0.5,0.821,0.3,2.2,2.5,0.7,0.1,0.1,0.5,0.9,3.6
Thanasis Antetokounmpo,SF,27,MIL,20,2,6.5,1.2,2.4,0.444,0,0.5,0.231,1.2,1.9,0.517,0.502,0.4,0.9,0.941,0.6,0.6,1.2,0.8,0.4,0.1,0.6,0.9,2.8
Karl-Anthony Towns,C,24,MIN,35,35,33.9,9,17.8,0.412,3.3,7.9,0.222,5.8,9.9,0.473,0.502,5.1,6.5,0.5,2.7,8.1,10.8,4.4,0.9,1.2,3.1,3.3,26.5
Andrew Wiggins,SF,24,MIN,42,42,34.6,8.4,18.8,0.472,2.2,6.5,0,6.2,12.3,0.485,0.577,3.5,4.9,0.586,1.1,4.1,5.2,3.7,0.7,0.9,2.5,2.4,22.4
D'Angelo Russell,PG,23,MIN,12,12,32.7,7.3,17.6,0.448,3.2,9.2,0,4.1,8.4,0.587,0.498,4,4.6,1,0.3,4.3,4.6,6.6,1.4,0.3,3.8,1.8,21.7
Malik Beasley,SG,23,MIN,14,14,33.1,7.9,16.6,0.453,3.5,8.2,0.391,4.4,8.4,0.573,0.558,1.5,2,0.851,0.6,4.4,5.1,1.9,0.6,0.1,1.5,1.9,20.7
Jeff Teague,PG,31,MIN,34,13,27.8,4.3,9.5,0.435,1,2.6,0.429,3.3,7,0.54,0.544,3.7,4.2,0.64,0.4,2.1,2.6,6.1,0.7,0.4,2.2,2.1,13.2
Juan Hernangómez,PF,24,MIN,14,14,29.4,4.4,9.8,0.5,2.1,4.9,0.353,2.4,4.9,0.471,0.566,2,3.3,0.709,1.4,5.9,7.3,1.3,1,0.3,1,2.5,12.9
Robert Covington,PF,29,MIN,48,47,29.4,4.5,10.3,0.403,2.3,6.5,0.453,2.3,3.8,0.533,0.486,1.6,2,0.892,0.8,5.2,6,1.2,1.7,0.9,1.5,3.1,12.8
James Johnson,C,32,MIN,14,1,24.1,4.6,9.1,0.404,1.2,3.3,0.375,3.4,5.9,0.466,0.462,1.6,2.4,0.566,1.2,3.5,4.7,3.8,1.4,1.4,2.4,3.3,12
Shabazz Napier,PG,28,MIN,36,22,23.8,3.2,7.9,0.453,1.3,4.4,0.342,1.9,3.4,0.529,0.52,2,2.4,0.739,0.5,2.6,3.1,5.2,1.1,0.2,2.1,1.7,9.6
Jarrett Culver,SG,20,MIN,63,35,23.9,3.7,9,0.412,1,3.5,0.143,2.6,5.5,0.569,0.477,0.9,1.9,0.563,1.1,2.3,3.4,1.7,0.9,0.6,1.3,2,9.2
Jake Layman,SF,25,MIN,23,2,22,3.5,7.8,0.427,1,3.1,0.377,2.5,4.7,0.497,0.479,1,1.4,0.689,0.7,1.7,2.5,0.7,0.7,0.4,1,2,9.1
Naz Reid,C,20,MIN,30,11,16.5,3.3,8.1,0.489,1.1,3.2,0.333,2.3,4.9,0.5,0.57,1.2,1.8,0.645,1.1,3,4.1,1.2,0.6,0.7,0.7,2.8,9
Josh Okogie,SG,21,MIN,62,28,25,2.7,6.4,0.448,0.7,2.5,0.5,2.1,3.9,0.541,0.531,2.5,3.1,0.5,1.4,2.9,4.3,1.6,1.1,0.4,1.4,2.2,8.6
Jordan McLaughlin,PG,23,MIN,30,2,19.7,2.9,5.9,0.422,1,2.5,0.25,1.9,3.4,0.457,0.498,0.9,1.3,0.647,0.2,1.4,1.6,4.2,1.1,0.1,1,1,7.6
Gorgui Dieng,C,30,MIN,46,17,16.9,2.7,6,0.392,1,2.6,0.335,1.7,3.4,0.625,0.461,1,1.3,0.74,1.6,4,5.6,1.3,0.8,0.9,1,1.9,7.4
Keita Bates-Diop,PF,24,MIN,37,0,17.5,2.4,5.6,0.354,0.8,2.5,0.326,1.5,3,0.593,0.411,1.2,1.8,0.747,0.6,2.4,3,0.8,0.5,0.5,0.4,1,6.8
Kelan Martin,SF,24,MIN,31,4,16,2.3,5.8,0.547,0.8,3.1,0.346,1.5,2.7,0.625,0.558,1,1,0.676,0.4,2.7,3.1,0.7,0.2,0.3,0.6,1.6,6.4
Treveon Graham,SF,26,MIN,33,20,20.1,1.9,5.3,0.358,0.6,2.5,0.258,1.3,2.8,0.588,0.387,0.8,1.1,0.346,0.9,2.2,3,0.9,0.5,0.1,0.6,2,5.2
Noah Vonleh,C,24,MIN,29,1,12,1.6,3,0.324,0.1,0.5,0,1.6,2.5,0.501,0.412,0.8,1,0.823,1.2,2.8,4,0.9,0.4,0.2,0.7,1.2,4.1
Jaylen Nowell,SG,20,MIN,15,0,10.1,1.3,3.5,0.533,0.2,1.7,0.439,1.1,1.8,0.59,0.55,1.1,1.1,0.733,0.2,0.7,0.9,1.3,0.2,0.1,0.2,0.7,3.8
Allen Crabbe,SF,27,MIN,9,0,14.6,1.2,3.8,0,0.7,2.9,0.277,0.6,0.9,0.509,0,0.1,0.2,0.614,0.1,1.2,1.3,0.6,0,0,0.6,1.2,3.2
Jordan Bell,C,25,MIN,27,0,8.7,1.2,2.2,0,0.1,0.3,0.32,1.1,1.9,0.453,0,0.6,1.1,0.763,1,1.9,2.9,0.5,0.1,0.4,0.7,0.6,3.1
Brandon Ingram,PF,22,NOP,62,62,33.9,8.2,17.7,0.455,2.4,6.2,0.333,5.8,11.5,0.627,0.516,5,5.9,0.81,0.8,5.3,6.1,4.2,1,0.6,3,2.9,23.8
Zion Williamson,PF,19,NOP,24,24,27.8,8.8,15,0.453,0.3,0.6,0.28,8.5,14.4,0.456,0.596,4.8,7.4,0.625,2.7,3.6,6.3,2.1,0.7,0.4,2.5,1.8,22.5
Jrue Holiday,SG,29,NOP,61,61,34.7,7.5,16.5,0.403,2,5.7,0.362,5.5,10.8,0.629,0.511,2.1,3,0.667,1.3,3.5,4.8,6.7,1.6,0.8,3,2.4,19.1
J.J. Redick,SG,35,NOP,60,36,26.4,4.8,10.5,0.423,3,6.6,0.358,1.8,3.9,0.571,0.537,2.8,3.1,0.791,0.2,2.4,2.5,2,0.3,0.2,1.3,1.6,15.3
Lonzo Ball,PG,22,NOP,63,54,32.1,4.4,10.9,0.617,2.3,6.3,0.327,2,4.6,0.678,0.618,0.7,1.2,0.653,1.1,5,6.1,7,1.4,0.6,3.1,2,11.8
Josh Hart,SF,24,NOP,65,16,27,3.5,8.2,0.426,1.9,5.4,0.321,1.6,2.7,0.573,0.498,1.3,1.8,0.864,0.9,5.6,6.5,1.7,1,0.4,1.2,2.5,10.1
Derrick Favors,C,28,NOP,51,49,24.4,4.1,6.6,0.623,0,0.1,0.286,4.1,6.5,0.465,0.627,0.8,1.4,0.732,3.2,6.6,9.8,1.6,0.6,0.9,1.1,2.1,9
E'Twaun Moore,SG,30,NOP,56,6,18.2,3.3,7.8,0.545,1.1,3,0.296,2.2,4.8,0.391,0.636,0.6,0.8,0.509,0.6,1.8,2.3,1.4,0.6,0.2,0.7,1.4,8.3
Jahlil Okafor,C,24,NOP,30,9,15.6,3.4,5.4,0.672,0,0.1,0.35,3.3,5.3,0.52,0.674,1.3,2.1,0.846,1.6,2.6,4.2,1.2,0.2,0.7,1.3,2.2,8.1
Sindarius Thornwell,SF,25,NOP,2,0,17.5,3,5.5,0.421,1,2,0.313,2,3.5,0.75,0.528,1,2,0.636,0,2,2,2,0.5,0.5,1,1,8
Jaxson Hayes,C,19,NOP,64,14,16.9,2.7,4,0.405,0,0.1,0.111,2.7,4,0.5,0.476,1.9,3,0.8,1.5,2.5,4,0.9,0.4,0.9,0.8,2.5,7.4
Nicolò Melli,C,29,NOP,60,8,17.4,2.3,5.4,0.368,1.2,3.4,0.347,1.1,2,0.444,0.455,0.9,1.2,0.807,0.6,2.4,3,1.4,0.6,0.4,0.8,2.1,6.6
Frank Jackson,PG,21,NOP,59,2,13.5,2.3,5.6,0.347,0.8,2.4,0.385,1.5,3.2,0.515,0.432,0.9,1.3,0.839,0.4,1,1.4,1,0.3,0.1,0.8,1.3,6.3
Nickeil Alexander-Walker,SG,21,NOP,47,1,12.6,2.1,5.7,0.667,1,2.8,0.405,1.1,2.8,0.432,0.667,0.5,0.8,0.893,0.2,1.6,1.8,1.9,0.4,0.2,1.1,1.2,5.7
Kenrich Williams,PF,25,NOP,39,18,21.3,1.3,3.8,0.5,0.6,2.5,0.365,0.7,1.3,0.493,0.5,0.2,0.7,0.907,1.3,3.5,4.8,1.5,0.7,0.5,0.6,2.3,3.5
Marcus Morris,SF,30,NYK,43,43,32.3,6.5,14.8,0.402,2.7,6.1,0.281,3.8,8.7,0.469,0.445,3.8,4.6,0.603,1.1,4.3,5.4,1.4,0.8,0.4,1.7,3,19.6
Julius Randle,PF,25,NYK,64,64,32.5,7.2,15.7,0.45,1,3.6,0.297,6.2,12.1,0.561,0.507,4,5.5,0.792,2.4,7.4,9.7,3.1,0.8,0.3,3,2.8,19.5
RJ Barrett,SG,19,NYK,56,55,30.4,5.2,13,0.439,1.1,3.5,0.375,4.1,9.5,0.48,0.455,2.8,4.5,0.773,0.9,4.1,5,2.6,1,0.3,2.2,2.2,14.3
Bobby Portis,PF,24,NYK,66,5,21.1,4,8.9,0.742,1,2.8,0.348,3,6.1,0.604,0.742,1.1,1.4,0.694,1.2,3.9,5.1,1.5,0.5,0.3,1.1,1.7,10.1
Elfrid Payton,PG,25,NYK,45,36,27.7,4.3,9.8,0.402,0.3,1.5,0.378,4,8.2,0.391,0.484,1.1,1.9,0.818,1.2,3.6,4.7,7.2,1.6,0.4,2.1,2,10
Reggie Bullock,SG,28,NYK,29,19,23.6,3.1,7.7,0.414,1.3,3.8,0.214,1.8,3.9,0.599,0.516,0.6,0.7,0.5,0.4,1.9,2.3,1.4,0.9,0.1,0.7,1.9,8.1
Maurice Harkless,SF,26,NYK,12,10,23.8,2.5,5.5,0.481,0.6,2.1,0.189,1.9,3.4,0.357,0.571,1.3,2,0.571,0.7,2.7,3.3,1.7,0.8,0.3,0.6,2.3,6.8
Damyean Dotson,SG,25,NYK,48,0,17.4,2.5,6,0.359,1.2,3.4,0.235,1.3,2.6,0.355,0.44,0.5,0.7,0.5,0.2,1.7,1.9,1.2,0.5,0.1,0.4,0.9,6.7
Allonzo Trier,SG,24,NYK,24,1,12.1,2.1,4.4,0.393,0.8,2.2,0.25,1.3,2.2,0.5,0.459,1.4,1.8,0.784,0.3,1,1.2,1.2,0.1,0.2,0.9,1.2,6.5
Kevin Knox,SF,20,NYK,65,4,17.9,2.2,6.2,0.584,1,3.1,0.15,1.2,3.1,0.385,0.591,1,1.6,0.818,0.4,2.4,2.8,0.9,0.4,0.4,0.7,1.6,6.4
Frank Ntilikina,PG,21,NYK,57,26,20.8,2.3,5.8,0.341,0.8,2.4,0.339,1.5,3.4,0.512,0.379,0.9,1,0.853,0.4,1.7,2.1,3,0.9,0.3,1.2,2.5,6.3
Taj Gibson,C,34,NYK,62,56,16.5,2.7,4.6,0.351,0.1,0.2,0.399,2.6,4.4,0.513,0.494,0.7,0.9,0.674,1.8,2.5,4.3,0.8,0.4,0.5,0.8,2,6.1
Dennis Smith Jr.,PG,22,NYK,34,3,15.8,2.1,6.2,0.432,0.5,1.6,0.351,1.6,4.6,0.476,0.489,0.8,1.6,0.73,0.6,1.7,2.3,2.9,0.8,0.2,1.7,1.9,5.5
Wayne Ellington,SG,32,NYK,36,1,15.5,1.7,4.8,0.273,1.4,4,0.308,0.3,0.9,0.554,0.295,0.3,0.4,0.779,0.1,1.7,1.8,1.2,0.4,0.1,0.5,1.1,5.1
Kadeem Allen,PG,27,NYK,10,0,11.7,1.9,4.4,0.471,0.5,1.6,0.267,1.4,2.8,0.594,0.514,0.7,1.1,0.89,0.2,0.7,0.9,2.1,0.5,0.2,0.8,0.7,5
Ignas Brazdeikis,SF,21,NYK,9,0,5.9,0.7,2.4,0.469,0.1,1,0.34,0.6,1.4,0.688,0.534,0.4,0.6,0.838,0.2,0.3,0.6,0.4,0,0.1,0.2,0.3,1.9
Shai Gilgeous-Alexander,SG,21,OKC,70,70,34.7,6.8,14.5,0.438,1.2,3.6,0.348,5.6,10.9,0.485,0.547,4.1,5.1,0.832,0.7,5.2,5.9,3.3,1.1,0.7,1.9,1.7,19
Dennis Schröder,SG,26,OKC,65,2,30.8,7,14.8,0.489,1.9,5,0.286,5,9.8,0.479,0.552,3,3.6,0.804,0.3,3.3,3.6,4,0.7,0.2,2.6,2.2,18.9
Danilo Gallinari,PF,31,OKC,62,62,29.6,5.8,13.2,0.592,2.9,7.1,0.293,2.9,6.1,0.556,0.593,4.3,4.8,0.674,0.5,4.6,5.2,1.9,0.7,0.1,1.2,1.2,18.7
Chris Paul,PG,34,OKC,70,70,31.5,6.2,12.7,0.684,1.6,4.3,0.341,4.6,8.3,0.432,0.686,3.6,4,0.653,0.4,4.6,5,6.7,1.6,0.2,2.3,2.3,17.6
Steven Adams,C,26,OKC,63,63,26.7,4.5,7.6,0.446,0,0,0.346,4.5,7.5,0.5,0.473,1.9,3.2,0.655,3.3,6,9.3,2.3,0.8,1.1,1.5,1.9,10.9
Nerlens Noel,C,25,OKC,61,7,18.5,3,4.4,0.394,0,0,0,3,4.4,0.558,0.463,1.3,1.7,1,1.5,3.4,4.9,0.9,1,1.5,1.1,2.7,7.4
Hamidou Diallo,SF,21,OKC,46,3,19.5,2.9,6.4,0.468,0.3,1.2,0.25,2.5,5.2,0.333,0.559,0.8,1.4,0.9,1,2.7,3.6,0.8,0.8,0.2,1.1,2.2,6.9
Luguentz Dort,SF,20,OKC,36,28,22.8,2.4,6.1,0.394,0.8,2.8,0.35,1.6,3.3,0.458,0.472,1.2,1.5,0.5,0.7,1.6,2.3,0.8,0.9,0.1,0.6,2.7,6.8
Abdel Nader,SF,26,OKC,55,6,15.8,2.2,4.8,0.407,0.9,2.3,0.333,1.4,2.5,0.154,0.55,0.9,1.2,0.333,0.3,1.6,1.8,0.7,0.4,0.4,0.8,1.4,6.3
Darius Bazley,PF,19,OKC,61,9,18.5,2,5.2,0.355,0.8,2.3,0.5,1.2,2.9,0.5,0.466,0.7,1,0.5,0.5,3.5,4,0.7,0.4,0.7,0.7,0.9,5.6
Mike Muscala,C,28,OKC,47,2,12.2,1.6,4,0.276,1.1,3,0.143,0.5,1,0.571,0.328,0.4,0.5,0.357,0.3,2,2.3,0.9,0.2,0.3,0.4,1.2,4.8
Terrance Ferguson,SF,21,OKC,56,38,22.4,1.4,3.9,0.344,0.9,3,0.25,0.5,0.9,0,0.384,0.3,0.4,0.807,0.4,0.9,1.3,0.9,0.5,0.3,0.6,2.8,3.9
Andre Roberson,SF,28,OKC,7,0,12.4,1.1,4.1,0.2,0.4,2,0.331,0.7,2.1,0.531,0.267,0.1,0.3,0.806,1,2.9,3.9,0.6,0.1,0.4,0.3,1.9,2.9
Deonte Burton,SF,26,OKC,39,0,9.1,1.1,3.2,0.4,0.3,1.4,0.367,0.8,1.8,0.527,0.45,0.2,0.4,0.621,0.2,1.3,1.5,0.4,0.2,0.3,0.5,0.9,2.7
Devon Hall,PG,24,OKC,11,0,7.4,0.5,2.7,0.259,0.4,1.5,0.286,0.2,1.2,0.48,0.315,0.4,0.7,0.809,0.2,0.5,0.6,1.2,0.4,0.1,0.5,0.5,1.8
Nikola Vučević,C,29,ORL,62,62,32.2,8,16.7,0.403,1.6,4.7,0.402,6.4,12,0.438,0.508,2.1,2.7,0.785,2.3,8.6,10.9,3.6,0.9,0.8,1.4,2.2,19.6
Evan Fournier,SF,27,ORL,66,66,31.5,6.6,14.1,0.437,2.6,6.6,0.43,4,7.5,0.6,0.484,2.7,3.3,0.917,0.3,2.3,2.6,3.2,1.1,0.2,1.9,2.4,18.5
Terrence Ross,SG,28,ORL,69,0,27.4,4.9,12.3,0.465,2.6,7.3,0.333,2.4,5,0.481,0.488,2.3,2.7,0.811,0.2,3,3.2,1.2,1.1,0.3,1,1.6,14.7
Aaron Gordon,PF,24,ORL,62,62,32.5,5.4,12.4,0.47,1.2,3.8,0.369,4.2,8.5,0.457,0.518,2.4,3.6,0.722,1.7,5.9,7.7,3.7,0.8,0.6,1.6,2,14.4
Markelle Fultz,PG,21,ORL,72,60,27.7,5,10.7,0.399,0.5,1.9,0.421,4.5,8.8,0.531,0.475,1.6,2.2,0.787,0.6,2.7,3.3,5.1,1.3,0.2,2,2,12.1
Jonathan Isaac,PF,22,ORL,34,32,28.8,4.6,9.8,0.451,0.9,2.8,0.349,3.6,7,0.514,0.519,1.8,2.3,0.83,1.7,5.1,6.8,1.4,1.6,2.3,1.4,2.4,11.9
D.J. Augustin,PG,32,ORL,57,13,24.9,3.2,8.1,0.427,1.2,3.5,0.386,2,4.6,0.32,0.469,2.8,3.2,0.61,0.4,1.8,2.1,4.6,0.6,0,1.5,1.3,10.5
James Ennis,SG,29,ORL,20,18,24.5,3,6.7,0.416,0.9,3.2,0.357,2.1,3.5,0.714,0.476,1.6,1.9,0.55,1.2,3.6,4.8,1.1,0.6,0.4,1.4,2.6,8.5
Michael Carter-Williams,SG,28,ORL,45,0,18.5,2.5,5.8,0.462,0.5,1.7,0.259,2,4.1,0.261,0.526,1.8,2.1,0.75,1,2.2,3.3,2.4,1.1,0.5,1.2,1.9,7.2
Wesley Iwundu,SF,25,ORL,52,21,18.3,1.9,4.5,0.51,0.5,1.6,0.333,1.3,2.9,0.389,0.51,1.5,1.9,0.5,0.5,2.1,2.5,1.2,0.5,0.3,0.5,1.5,5.8
Mo Bamba,C,21,ORL,62,0,14.2,2.1,4.6,0.291,0.6,1.7,0,1.5,2.9,0.455,0.343,0.5,0.7,0.5,1.6,3.3,4.9,0.7,0.4,1.4,0.7,1.9,5.4
Khem Birch,C,27,ORL,48,24,19.2,1.5,3,0.419,0,0,0,1.5,3,0.364,0.561,1.4,2.1,0,1.9,2.7,4.6,1,0.4,0.5,0.6,1.9,4.4
Al-Farouq Aminu,PF,29,ORL,18,2,21.1,1.4,4.8,0.281,0.5,2,0,0.9,2.8,0.357,0.328,1.1,1.6,0.919,1.3,3.5,4.8,1.2,1,0.4,0.9,1.5,4.3
Gary Clark,SF,25,ORL,24,5,14.8,1.3,3.1,0.441,0.9,2.5,0.354,0.4,0.6,0.517,0.559,0.1,0.1,0.78,1.1,1.8,2.9,0.2,0.2,0.6,0.3,1,3.6
B.J. Johnson,SF,24,ORL,10,0,8.3,0.9,3.2,0.333,0.3,0.9,0.352,0.6,2.3,0.517,0.361,0.9,1,0.753,0.3,1.2,1.5,0.3,0.3,0,0.6,0.3,3
Melvin Frazier,SG,23,ORL,19,0,6.6,0.8,1.8,0.333,0.4,0.8,0.231,0.4,0.9,0.583,0.367,0.1,0.2,0.863,0.1,0.4,0.5,0.2,0.5,0.1,0.3,0.6,2.1
Vic Law,PF,24,ORL,8,0,7.8,0.8,2.3,0.357,0.1,0.9,0.361,0.6,1.4,0.486,0.357,0.3,0.8,0.747,0.3,1.1,1.4,0.4,0.3,0,0.3,0.8,1.9
Josh Magette,PG,30,ORL,8,0,4.8,0.6,1.9,0.477,0.1,0.5,0.351,0.5,1.4,0.5,0.512,0.1,0.3,0.857,0.1,0.6,0.8,0.6,0.4,0.1,0.6,0.5,1.5
Joel Embiid,C,25,PHI,51,51,29.5,7.5,15.7,0.58,1.1,3.4,0.357,6.4,12.3,0.478,0.581,6.9,8.5,0.678,2.8,8.9,11.6,3,0.9,1.3,3.1,3.4,23
Tobias Harris,PF,27,PHI,72,72,34.3,7.7,16.3,0.43,1.8,5,0.331,5.9,11.3,0.535,0.496,2.4,3,0.844,1,5.9,6.9,3.2,0.7,0.6,1.4,2.3,19.6
Ben Simmons,PG,23,PHI,57,57,35.4,6.6,11.4,0.461,0,0.1,0.361,6.5,11.2,0.603,0.557,3.2,5.2,0.807,2,5.8,7.8,8,2.1,0.6,3.5,3.3,16.4
Josh Richardson,SG,26,PHI,55,53,30.8,5.1,11.7,0.45,1.5,4.5,0.39,3.5,7.2,0.519,0.52,2.1,2.6,0.75,0.7,2.4,3.2,2.9,0.9,0.7,1.9,2.5,13.7
Alec Burks,SG,28,PHI,18,1,20.2,4.3,9.3,0.43,1.8,4.3,0.289,2.5,5,0.483,0.557,1.9,2.3,0.852,0.6,2.5,3.1,2.1,0.7,0,0.8,1.2,12.2
Al Horford,C,33,PHI,67,61,30.2,4.8,10.6,0.484,1.5,4.2,0.425,3.3,6.4,0.525,0.588,0.9,1.2,0.872,1.5,5.3,6.8,4,0.8,0.9,1.2,2.1,11.9
Furkan Korkmaz,SG,22,PHI,72,12,21.7,3.4,7.8,0.518,2,4.9,0.333,1.4,2.9,0.5,0.571,1.1,1.4,0.704,0.3,2.1,2.3,1.1,0.6,0.2,0.8,1.4,9.8
Shake Milton,SG,23,PHI,40,24,20.1,3.4,6.9,0.426,1.5,3.4,0.352,1.9,3.6,0.519,0.54,1.3,1.6,0.75,0.4,1.8,2.2,2.6,0.5,0.2,1.2,2.3,9.4
Glenn Robinson III,SF,26,PHI,14,4,19.3,3.1,6.1,0.465,0.6,1.9,0.28,2.5,4.1,0.603,0.528,0.8,0.9,1,1.1,2.1,3.1,0.8,0.6,0.1,0.4,1.3,7.7
Mike Scott,PF,31,PHI,68,11,17.8,2.2,5.1,0.442,1.2,3.2,0,1,2,0.167,0.524,0.4,0.5,1,1,2.7,3.6,0.8,0.3,0.1,0.4,1.4,6
Trey Burke,PG,27,PHI,25,0,13.2,2.4,5.1,0.455,0.6,1.5,0,1.7,3.6,0.532,0.532,0.5,0.7,1,0.6,0.8,1.4,2.1,0.3,0,0.5,0.8,5.9
James Ennis,SF,29,PHI,49,0,15.8,2,4.6,0.423,0.8,2.2,0,1.3,2.4,0.375,0.528,1,1.2,0.888,1,2.1,3.1,0.8,0.5,0.3,0.6,1.7,5.8
Raul Neto,PG,27,PHI,54,3,12.4,1.9,4.1,0.494,0.6,1.6,0,1.2,2.5,1,0.535,0.7,0.9,0.757,0.2,0.9,1.1,1.8,0.4,0.1,0.9,0.9,5.1
Matisse Thybulle,SG,22,PHI,65,14,19.8,1.7,4.1,0.25,0.9,2.4,0.401,0.9,1.7,0.549,0.333,0.4,0.6,0.886,0.7,1,1.6,1.2,1.4,0.7,0.8,2.2,4.7
Kyle O'Quinn,C,29,PHI,29,2,10.8,1.4,2.9,0.521,0.2,0.9,0.379,1.2,2,0.511,0.521,0.4,0.7,0.686,1.2,2.8,4,1.8,0.2,0.8,0.7,1.3,3.5
Marial Shayok,SG,24,PHI,4,0,7,0.8,3,0.273,0.5,1.5,0.2,0.3,1.5,0.553,0.273,0.8,1,0.845,0.3,1.5,1.8,0.3,0,0.3,0.8,1,2.8
Norvel Pelle,C,26,PHI,24,0,9.7,1,2,0.667,0,0,0.571,1,2,0.439,0.667,0.3,0.6,0.872,0.8,2.2,3,0.3,0.1,1.3,0.8,2.3,2.4
Zhaire Smith,SF,20,PHI,7,0,4.6,0.4,1.6,0.489,0,0.4,0.385,0.4,1.1,0.582,0.544,0.3,0.6,0.778,0,0.3,0.3,0.3,0.4,0,0.3,0.6,1.1
Jonah Bolden,C,24,PHI,4,0,3.5,0.5,0.8,0.452,0,0.3,0.4,0.5,0.5,0.462,0.517,0,0.5,0.822,0,0.3,0.3,0,0.3,0,0.5,1,1
Devin Booker,SG,23,PHO,70,70,35.9,9,18.3,0.546,2,5.7,0.493,6.9,12.6,0.568,0.548,6.7,7.3,0.826,0.4,3.8,4.2,6.5,0.7,0.3,3.8,3,26.6
Kelly Oubre Jr.,SF,24,PHO,56,55,34.5,6.7,14.8,0.415,1.9,5.5,0.418,4.7,9.3,0.53,0.471,3.4,4.4,0.806,1.2,5.3,6.4,1.5,1.3,0.7,1.5,3.4,18.7
Deandre Ayton,C,21,PHO,38,32,32.5,8.2,14.9,0.48,0.1,0.3,0.332,8.1,14.6,0.61,0.558,1.8,2.3,0.75,3.9,7.6,11.5,1.9,0.7,1.5,2.1,3.1,18.2
Ricky Rubio,PG,29,PHO,65,65,31,4.4,10.6,0.485,1.2,3.3,0.327,3.2,7.3,0.526,0.596,3,3.5,0.758,0.7,4,4.7,8.8,1.4,0.2,2.7,2.6,13
Aron Baynes,C,33,PHO,42,28,22.2,4.4,9.1,0.476,1.4,4,0.368,3,5.1,0.466,0.554,1.3,1.8,0.814,1.7,4,5.6,1.6,0.2,0.5,1.2,3.4,11.5
Cameron Payne,SG,25,PHO,8,0,22.9,4.1,8.5,0.45,1.9,3.6,0.231,2.3,4.9,0.402,0.516,0.8,0.9,0.684,0.5,3.4,3.9,3,1,0.3,1.4,2.5,10.9
Dario Šarić,PF,25,PHO,66,51,24.7,3.9,8.2,0.51,1.3,3.6,0.308,2.6,4.6,0.655,0.583,1.6,1.9,0.636,1.5,4.6,6.2,1.9,0.6,0.2,1.3,2.4,10.7
Frank Kaminsky,C,26,PHO,39,13,19.9,3.5,7.9,0.435,1.1,3.2,0.337,2.5,4.7,0.427,0.565,1.6,2.3,0.533,0.9,3.6,4.5,1.9,0.4,0.3,0.9,1.9,9.7
Mikal Bridges,SF,23,PHO,73,32,28,3.4,6.6,0.38,1,2.7,0.237,2.4,4,0.381,0.45,1.4,1.7,0.615,0.9,3.1,4,1.8,1.4,0.6,1,2.2,9.1
Cameron Johnson,PF,23,PHO,57,9,22,3.1,7.1,0.416,1.9,4.8,0,1.2,2.3,0.4,0.543,0.8,1,0.75,0.9,2.4,3.3,1.2,0.6,0.4,0.6,1.5,8.8
Tyler Johnson,PG,27,PHO,31,3,16.6,2.1,5.5,0.648,0.8,2.7,0,1.3,2.8,0.667,0.651,0.8,1,0.375,0.3,1.4,1.7,1.6,0.4,0.3,0.8,1.4,5.7
Jevon Carter,PG,24,PHO,58,2,16.3,1.7,4.2,0.398,1.1,2.5,0.417,0.7,1.7,0.333,0.467,0.4,0.5,0.705,0.5,1.5,2,1.4,0.8,0.3,0.6,1.5,4.9
Cheick Diallo,C,23,PHO,47,2,10.2,2,3,0.336,0,0.1,0.292,1.9,3,0.5,0.398,0.7,0.8,0.846,0.6,2.1,2.8,0.5,0.2,0.3,0.7,1.2,4.7
Elie Okobo,PG,22,PHO,55,3,13.1,1.3,3.3,0.25,0.5,1.3,0.394,0.9,2,0.524,0.25,0.9,1.3,0.741,0.3,1.3,1.6,2.1,0.4,0.1,0.7,1,4
Ty Jerome,SG,22,PHO,31,0,10.6,1.2,3.6,0.4,0.5,1.6,0.372,0.8,2,0.494,0.4,0.4,0.5,0.801,0.2,1.3,1.5,1.4,0.5,0.1,0.6,0.9,3.3
Jonah Bolden,C,24,PHO,3,0,11,0.7,2.7,0.2,0,1,0.381,0.7,1.7,0.525,0.2,0.7,0.7,0.806,1,1.7,2.7,0,0.7,0.7,0,2,2
Jalen Lecque,SG,19,PHO,5,0,6.4,0.8,2,0.25,0,0.8,0.182,0.8,1.2,0.622,0.25,0.4,0.4,0.788,0,0.4,0.4,0.4,0,0,0.4,0.6,2
Tariq Owens,PF,24,PHO,3,0,5,0.3,1.7,0.463,0,0.7,0.419,0.3,1,0.448,0.563,0.7,0.7,0.821,0.7,0.3,1,0,0.3,0,0,0.3,1.3
Damian Lillard,PG,29,POR,66,66,37.5,9.5,20.4,0.495,4.1,10.2,0.25,5.4,10.2,0.515,0.505,7,7.8,0.889,0.5,3.8,4.3,8,1.1,0.3,2.9,1.7,30
CJ McCollum,SG,28,POR,70,70,36.5,8.7,19.4,0.621,2.8,7.3,0,6,12.1,0.486,0.624,2,2.6,0.776,0.7,3.6,4.2,4.4,0.8,0.6,1.8,2.6,22.2
Jusuf Nurkić,C,25,POR,8,8,31.6,6.8,13.6,0.43,0.3,1.3,0.352,6.5,12.4,0.448,0.485,3.9,4.4,0.857,2.9,7.4,10.3,4,1.4,2,2.4,4.9,17.6
Hassan Whiteside,C,30,POR,67,61,30,6.5,10.5,0.491,0.1,0.1,0.352,6.4,10.4,0.368,0.597,2.4,3.6,0.778,3.9,9.7,13.5,1.2,0.4,2.9,1.8,2.9,15.5
Carmelo Anthony,PF,35,POR,58,58,32.8,5.8,13.5,0.506,1.5,3.9,0.667,4.3,9.6,0.51,0.608,2.3,2.8,1,1.2,5.1,6.3,1.5,0.8,0.5,1.7,2.9,15.4
Trevor Ariza,SF,34,POR,21,21,33.4,3.7,7.6,0.444,1.6,4,0.197,2.1,3.5,0.582,0.571,2,2.2,0.708,0.6,4.1,4.8,2,1.6,0.4,1.3,2.3,11
Rodney Hood,SF,27,POR,21,21,29.5,4.1,8.2,0.399,1.7,3.4,0.304,2.5,4.8,0.486,0.469,1,1.3,0.821,0.5,3,3.4,1.5,0.8,0.2,0.9,2.2,11
Gary Trent Jr.,SF,21,POR,61,8,21.8,3.2,7.2,0.347,1.8,4.4,0.278,1.4,2.8,0.464,0.433,0.6,0.7,0.857,0.4,1.2,1.6,1,0.8,0.3,0.3,1.5,8.9
Anfernee Simons,SG,20,POR,70,4,20.7,3.1,7.7,0.471,1.1,3.2,0.31,2,4.4,0.554,0.522,1.1,1.3,0.833,0.4,1.8,2.2,1.4,0.4,0.1,0.9,1.9,8.3
Kent Bazemore,SF,30,POR,43,21,25.8,2.6,7.6,0.551,1.3,4,0.125,1.3,3.6,0.634,0.561,1.3,1.7,0.476,0.3,3.7,4,1.4,1,0.7,1.4,2.8,7.9
Zach Collins,PF,22,POR,11,11,26.4,2.9,6.2,0.422,0.6,1.7,0,2.3,4.5,0.517,0.477,0.5,0.7,0.6,2.3,4,6.3,1.5,0.5,0.5,1.3,3.3,7
Skal Labissière,C,23,POR,33,1,17.2,2.5,4.5,0.368,0.1,0.4,0,2.4,4.1,0.526,0.496,0.8,1,0.333,2,3.2,5.1,1.3,0.2,0.9,0.9,2.7,5.8
Mario Hezonja,PF,24,POR,53,4,16.4,1.7,4.1,0.43,0.5,1.5,0.133,1.3,2.6,0.4,0.477,0.9,1.1,0.5,0.6,2.9,3.5,0.9,0.7,0.2,0.8,2,4.8
Anthony Tolliver,PF,34,POR,33,9,16.8,1.3,3.5,0.605,0.9,2.7,0.257,0.4,0.8,0.535,0.605,0.4,0.6,0.5,0.8,2.5,3.3,0.9,0.2,0.3,0.6,1.6,3.9
Nassir Little,PF,19,POR,48,5,11.9,1.4,3.1,0.469,0.3,1.2,0.389,1.1,1.9,0.479,0.469,0.6,0.9,0.845,0.6,1.6,2.3,0.5,0.3,0.3,0.3,1.5,3.6
Caleb Swanigan,PF,22,POR,20,1,13.3,1.3,2.2,0.484,0,0.1,0.382,1.3,2.1,0.532,0.565,0.4,0.8,0.827,1.3,3.4,4.7,1.5,0.1,0.3,1.6,2.7,3
Jaylen Hoard,PF,20,POR,13,0,7.9,1.2,2.5,0.4,0,0.2,0.366,1.2,2.2,0.501,0.4,0.6,1,0.866,1.1,1.4,2.5,0.3,0.4,0,0.3,0.9,2.9
Wenyen Gabriel,PF,22,POR,19,1,9.2,0.8,1.6,0.48,0.3,0.6,0.388,0.5,1,0.51,0.513,0.5,0.6,0.853,0.9,1.3,2.2,0.3,0.4,0.3,0.6,1.7,2.3
De'Aaron Fox,PG,22,SAC,51,49,32,7.7,16,0.44,1.1,3.6,0.336,6.6,12.4,0.541,0.547,4.7,6.7,0.798,0.7,3.2,3.8,6.8,1.5,0.5,3.1,2.8,21.1
Buddy Hield,SG,27,SAC,72,44,30.8,6.9,16.1,0.46,3.8,9.6,0.591,3.2,6.6,0.437,0.525,1.6,1.9,0.882,0.8,3.8,4.6,3,0.9,0.2,2.3,2.3,19.2
Bogdan Bogdanović,SG,27,SAC,61,28,29,5.5,12.6,0.467,2.7,7.2,0.387,2.8,5.3,0.625,0.479,1.4,1.9,0.795,0.4,3,3.4,3.4,1,0.2,1.7,2.2,15.1
Harrison Barnes,PF,27,SAC,72,72,34.5,5.1,11,0.648,1.4,3.7,0.406,3.7,7.3,0.558,0.648,3,3.7,0.733,1.1,3.9,4.9,2.2,0.6,0.2,1.2,1.3,14.5
Marvin Bagley III,C,20,SAC,13,6,25.7,6,12.8,0.481,0.3,1.7,0.376,5.7,11.2,0.455,0.583,1.9,2.4,0.721,2.2,5.2,7.5,0.8,0.5,0.9,1.4,3.3,14.2
Nemanja Bjelica,PF,31,SAC,72,67,27.9,4.4,9.1,0.583,1.9,4.4,1,2.5,4.6,0.667,0.597,1,1.2,0.465,1.5,4.8,6.4,2.8,0.9,0.6,1.4,3,11.5
Kent Bazemore,SF,30,SAC,25,0,23.1,3.5,8.3,0.554,1.1,2.9,0,2.4,5.4,0.589,0.554,2.2,3,0.75,0.6,4.3,4.9,1.3,1.2,0.4,1.2,3,10.3
Jabari Parker,PF,24,SAC,6,0,13.3,3.5,6,0.415,0.2,0.7,0.231,3.3,5.3,0.55,0.483,1.3,1.5,0.769,1.2,2.7,3.8,1.7,0.5,0.2,0.7,1,8.5
Harry Giles,C,21,SAC,46,17,14.5,3,5.5,0.388,0,0,0.2,3,5.4,0.505,0.518,0.8,1.1,0.769,0.9,3.2,4.1,1.3,0.5,0.4,1,2.6,6.9
Cory Joseph,PG,28,SAC,72,26,24.4,2.4,5.7,0.667,0.8,2.2,0.359,1.6,3.5,0.682,0.667,0.8,1,0.6,0.6,2,2.6,3.5,0.7,0.3,1.1,1.8,6.4
Trevor Ariza,SF,34,SAC,32,0,24.7,2,5.2,0.593,1.3,3.8,0.352,0.7,1.3,0.473,0.61,0.7,0.8,0.5,0.7,3.9,4.6,1.6,1.1,0.2,0.9,2,6
Alex Len,C,26,SAC,15,3,15,2.3,3.9,0.42,0.1,0.2,0.399,2.2,3.7,1,0.484,1.1,1.6,0.857,2.1,4,6.1,0.5,0.2,1,1.1,2.3,5.9
Dewayne Dedmon,C,30,SAC,34,10,15.9,2,5,0.5,0.4,2.1,0.385,1.6,2.9,0.667,0.563,0.7,0.8,0.848,1.4,3.6,4.9,0.4,0.4,0.8,1.4,2.7,5.1
Yogi Ferrell,PG,26,SAC,50,0,10.6,1.6,3.8,0.417,0.5,1.6,0.39,1.1,2.2,0.5,0.47,0.7,0.8,0.843,0.1,0.9,1,1.4,0.4,0.1,0.6,0.8,4.4
DaQuan Jeffries,SG,22,SAC,13,0,10.8,1.5,3.1,0.353,0.4,1.4,0.388,1.2,1.7,0.5,0.382,0.4,0.5,0.718,0.2,1.2,1.4,0.5,0.3,0.1,0.2,1.5,3.8
Justin James,SF,23,SAC,36,0,6.4,1,2.3,0.4,0.3,0.8,0.385,0.7,1.5,0.54,0.4,0.3,0.6,0.706,0.2,0.7,0.9,0.5,0.2,0.3,0.2,0.5,2.5
Wenyen Gabriel,PF,22,SAC,11,0,5.5,0.5,1.5,0.5,0.1,0.7,0.13,0.5,0.8,0.519,0.5,0.5,0.9,0.864,0.4,0.5,0.9,0.3,0.3,0.2,0.5,0.6,1.7
Corey Brewer,PF,33,SAC,5,0,6.6,0.4,0.8,0.5,0,0.2,0.475,0.4,0.6,0.518,0.5,0.2,0.6,0.734,0.4,1.2,1.6,0.4,0.8,0,0.4,1.4,1
Anthony Tolliver,PF,34,SAC,9,0,9.1,0.3,1.9,0.531,0.2,1.7,0.324,0.1,0.2,0.47,0.535,0.1,0.2,0.784,0.2,1,1.2,0.3,0.4,0.1,0.4,0.7,1
DeMar DeRozan,SF,30,SAS,68,68,34.1,8.2,15.4,0.431,0.1,0.5,0.292,8.1,14.9,0.511,0.56,5.6,6.6,0.722,0.6,4.9,5.5,5.6,1,0.3,2.4,2.6,22.1
LaMarcus Aldridge,C,34,SAS,53,53,33.1,7.4,15,0.458,1.2,3,0.5,6.2,12,0.597,0.53,3,3.6,0.778,1.9,5.5,7.4,2.4,0.7,1.6,1.4,2.4,18.9
Patty Mills,PG,31,SAS,66,1,22.5,3.9,9.1,0.417,2.3,6.1,0.5,1.6,3,0.503,0.544,1.5,1.7,0.563,0.3,1.3,1.6,1.8,0.8,0.1,0.8,1.6,11.6
Derrick White,SG,25,SAS,68,20,24.7,3.7,8.1,0.462,1.2,3.2,0.2,2.6,4.9,0.434,0.494,2.6,3.1,0.6,0.5,2.8,3.3,3.5,0.6,0.9,1.3,2.2,11.3
Bryn Forbes,SG,26,SAS,63,62,25.1,3.8,9.2,0.446,2.3,6,0.364,1.5,3.2,0.412,0.508,1.2,1.4,1,0.2,1.8,2,1.7,0.5,0,0.9,1.8,11.2
Dejounte Murray,PG,23,SAS,66,58,25.6,4.5,9.7,0.596,0.6,1.7,0.367,3.8,8,0.624,0.669,1.4,1.7,0.8,1,4.8,5.8,4.1,1.7,0.3,1.9,2.2,10.9
Rudy Gay,PF,33,SAS,67,5,21.8,4,8.9,0.446,1.1,3.3,0.332,2.9,5.6,0.25,0.541,1.8,2,0.375,0.9,4.5,5.4,1.7,0.5,0.5,1.3,1.5,10.8
Keldon Johnson,SF,20,SAS,17,1,17.7,3.1,5.2,0.426,0.8,1.3,0.143,2.4,3.9,0.636,0.483,2.1,2.6,0.809,0.6,2.8,3.4,0.9,0.8,0.1,0.8,1.6,9.1
Trey Lyles,PF,24,SAS,63,53,20.2,2.4,5.4,0.392,1,2.7,0.408,1.4,2.8,0.6,0.498,0.5,0.7,0.709,1.1,4.6,5.7,1.1,0.4,0.4,0.6,1.6,6.4
Lonnie Walker,SG,21,SAS,61,12,16.2,2.5,5.9,0.624,0.7,1.7,0.368,1.8,4.2,0.375,0.624,0.7,1,0.575,0.4,1.9,2.3,1.1,0.5,0.2,0.7,1.3,6.4
Marco Belinelli,SG,33,SAS,57,0,15.5,2.2,5.5,0.313,1.2,3.1,0.385,1,2.4,0.333,0.406,0.8,1,0.823,0.1,1.6,1.7,1.2,0.2,0,0.3,0.8,6.3
Luka Šamanić,PF,20,SAS,3,1,16,1.7,5.3,0.571,1,2.7,0.335,0.7,2.7,0.499,0.571,1,1.3,0.887,0.3,3,3.3,2,0,0.7,0.7,2,5.3
Drew Eubanks,C,22,SAS,22,3,12.4,2,3,0.31,0,0,0.393,1.9,3,0.504,0.362,0.9,1.2,0.753,1.3,2.6,3.9,0.7,0.2,0.8,1,1.7,4.9
Chimezie Metu,C,22,SAS,18,0,5.8,1.3,2.3,0.294,0,0.1,0.391,1.3,2.2,0.434,0.324,0.6,0.7,0.798,0.7,1.2,1.8,0.6,0.2,0.3,0.6,0.4,3.2
DeMarre Carroll,SF,33,SAS,15,0,9,0.6,1.9,0.25,0.2,0.9,0.357,0.4,1.1,0.575,0.25,0.8,1.3,0.833,0.5,1.6,2.1,0.7,0.1,0.1,0.7,1.3,2.2
Quinndary Weatherspoon,SG,23,SAS,11,0,7.1,0.5,1.5,0.453,0.1,0.5,0.388,0.4,1.1,0.559,0.512,0.1,0.2,0.86,0.1,0.5,0.6,1,0.3,0.1,0.5,0.7,1.1
Pascal Siakam,PF,25,TOR,60,60,35.2,8.3,18.4,0.413,2.2,6.1,0.368,6.2,12.3,0.541,0.507,4,5.1,0.818,1.1,6.3,7.3,3.5,1,0.9,2.5,2.8,22.9
Kyle Lowry,PG,33,TOR,58,58,36.2,5.8,13.8,0.495,2.8,8,0.343,2.9,5.8,0.473,0.586,5.1,5.9,0.824,0.6,4.5,5,7.5,1.4,0.4,3.1,3.3,19.4
Fred VanVleet,SG,25,TOR,54,54,35.7,5.9,14.3,0.512,2.7,6.9,0.317,3.2,7.4,0.497,0.564,3.1,3.7,0.873,0.3,3.4,3.8,6.6,1.9,0.3,2.2,2.4,17.6
Norman Powell,SG,26,TOR,52,26,28.4,5.7,11.5,0.505,2.1,5.3,0.386,3.6,6.3,0.569,0.584,2.5,2.9,0.776,0.5,3.2,3.7,1.8,1.2,0.4,1.5,2.1,16
Serge Ibaka,C,30,TOR,55,27,27,6.2,12.2,0.456,1.3,3.3,0.339,5,8.9,0.51,0.564,1.6,2.3,0.824,2.1,6.1,8.2,1.4,0.5,0.8,2,2.8,15.4
OG Anunoby,SF,22,TOR,69,68,29.9,4.1,8.2,0.427,1.3,3.3,0.344,2.9,4.9,0.484,0.529,1,1.5,0.776,1.2,4.1,5.3,1.6,1.4,0.7,1.1,2.4,10.6
Terence Davis,SG,22,TOR,72,4,16.8,2.8,6.1,0.471,1.3,3.4,0.363,1.5,2.7,0.6,0.476,0.7,0.8,0.802,0.7,2.6,3.3,1.6,0.5,0.2,1.1,1.7,7.5
Marc Gasol,C,35,TOR,44,43,26.4,2.7,6.3,0.472,1.3,3.4,0.372,1.4,3,0.429,0.535,0.8,1.1,0.769,0.7,5.5,6.3,3.3,0.8,0.9,1.3,2.8,7.5
Rondae Hollis-Jefferson,PF,25,TOR,60,6,18.7,2.6,5.5,0.487,0.1,0.4,0.271,2.5,5.1,0.333,0.643,1.8,2.4,0.646,1.8,2.9,4.7,1.8,0.8,0.4,1,1.9,7
Chris Boucher,C,27,TOR,62,0,13.2,2.3,4.8,0.414,0.6,1.9,0.427,1.7,2.9,0.667,0.485,1.5,1.9,0.838,1.7,2.7,4.5,0.4,0.4,1,0.5,1.8,6.6
Matt Thomas,SG,25,TOR,41,1,10.7,1.8,3.7,0.526,1.1,2.4,0.355,0.6,1.2,0.476,0.632,0.2,0.3,0.648,0.2,1.3,1.5,0.5,0.2,0,0.4,0.9,4.9
Patrick McCaw,SF,24,TOR,37,12,24.5,1.8,4.4,0.373,0.6,1.9,0.344,1.2,2.5,0.571,0.432,0.4,0.5,0.793,0.5,1.8,2.3,2.1,1.1,0.1,0.8,1.6,4.6
Paul Watson,SF,25,TOR,8,0,8.8,1.3,2.4,0.357,0.5,1.1,0,0.8,1.3,0.487,0.393,0.9,1.1,0.772,0.3,1.6,1.9,0.6,0.4,0.1,0.4,0.5,3.9
Stanley Johnson,PF,23,TOR,25,0,6,0.9,2.4,0.6,0.3,1,0.319,0.6,1.4,0.506,0.7,0.4,0.6,0.588,0.3,1.2,1.5,0.8,0.2,0.2,0.6,0.6,2.4
Dewan Hernandez,C,23,TOR,6,0,4.7,0.8,2.3,0.361,0.2,0.3,0.349,0.7,2,0.551,0.403,0.5,0.8,0.606,0.8,1.5,2.3,0.5,0.2,0,0.5,1,2.3
Shamorie Ponds,PG,21,TOR,4,0,2.8,0.8,1.3,0.414,0.3,0.5,0.325,0.5,0.8,0.461,0.552,0.5,0.5,0.84,0,0.3,0.3,0.5,0,0.3,0,0.5,2.3
Oshae Brissett,SF,21,TOR,19,0,7.1,0.7,1.9,0.426,0.2,0.8,0.33,0.5,1.1,0.533,0.519,0.4,0.5,0.714,0.5,0.9,1.4,0.4,0.2,0.1,0.4,0.9,1.9
Malcolm Miller,SF,26,TOR,28,1,5.8,0.4,1,0.447,0.3,0.8,0.341,0.1,0.3,0.439,0.504,0.1,0.3,0.806,0.1,0.5,0.6,0.4,0.2,0.1,0.1,0.6,1.3
D'Angelo Russell,PG,23,TOT,45,45,32.3,8,18.8,0.533,3.5,9.6,0.359,4.5,9.2,0.603,0.536,3.6,4.4,0.72,0.4,3.6,3.9,6.3,1.1,0.3,3.3,1.9,23.1
Andrew Wiggins,SF,24,TOT,54,54,34.4,8.1,18.1,0.438,2.1,6.2,0.206,6,11.9,0.593,0.526,3.5,5,0.62,1.2,3.9,5.1,3.7,0.8,1,2.4,2.4,21.8
Andre Drummond,C,26,TOT,57,56,33,7.3,13.8,0.454,0.1,0.6,0.347,7.2,13.1,0.425,0.542,3,5.2,0.86,4.4,10.8,15.2,2.7,1.9,1.6,3.6,3.5,17.7
Marcus Morris,SF-PF,30,TOT,62,62,31.2,5.7,13.1,0.418,2.3,5.6,0.222,3.4,7.5,0.534,0.493,2.9,3.5,0.833,1,4.1,5,1.4,0.8,0.5,1.6,2.9,16.7
Jordan Clarkson,SG,27,TOT,71,2,24,5.5,12.2,0.51,2.1,5.8,0.368,3.4,6.4,0.433,0.548,1.9,2.3,0.591,0.7,1.9,2.6,1.9,0.6,0.2,1.4,1.5,15.2
Alec Burks,SF-SG,28,TOT,66,19,26.6,4.9,11.6,0.422,1.8,4.6,0.375,3.1,7.1,0.465,0.533,3.6,4,0.5,0.7,3.5,4.3,2.9,0.9,0.3,1.4,1.9,15
Jabari Parker,PF,24,TOT,38,23,24.1,5.8,11.3,0.411,0.8,3.1,0.32,4.9,8.2,0.5,0.498,1.6,2.1,0.741,1.6,4,5.6,1.8,1.2,0.4,1.7,2.6,14
Robert Covington,PF-C,29,TOT,70,68,30.5,4.4,10.3,0.486,2.3,6.9,0.303,2.1,3.5,0.457,0.552,1.4,1.8,1,0.9,5.7,6.6,1.3,1.6,1.3,1.5,3.1,12.4
Reggie Jackson,SG-PG,29,TOT,31,16,24,4.3,10.5,0.407,1.8,4.7,0.349,2.5,5.8,0.538,0.469,1.5,1.7,0.702,0.5,2.4,3,4.1,0.4,0.2,1.6,1.9,11.9
Glenn Robinson III,SF,26,TOT,62,52,28.8,4.6,9.5,0.425,1.2,3.2,0.333,3.4,6.4,0.519,0.525,1.2,1.4,0.714,1.3,3,4.4,1.5,0.9,0.3,0.9,1.6,11.7
Jordan McRae,SG,28,TOT,37,4,21.2,4,9.9,0.414,1.2,3.4,0.275,2.8,6.5,0.5,0.49,2.2,2.9,0.744,0.5,2.9,3.4,2.5,0.6,0.4,1.2,2,11.5
Malik Beasley,SG,23,TOT,55,14,22,4.1,9.7,0.436,1.9,5,0.348,2.2,4.7,0.602,0.48,1,1.2,0.862,0.3,2.4,2.7,1.4,0.7,0.1,1,1.4,11.2
Dion Waiters,SG,28,TOT,10,0,20.7,4.1,9.9,0.401,1.5,4.7,0.351,2.6,5.2,0.4,0.521,1.4,1.7,0.643,0.2,2.2,2.4,2,0.4,0.6,1.6,2.1,11.1
Jeff Teague,PG,31,TOT,59,17,24.8,3.6,8.3,0.412,0.7,2,0.2,2.9,6.3,0.565,0.496,2.9,3.3,0.625,0.5,1.9,2.4,5.2,0.7,0.3,2,1.8,10.9
Jae Crowder,SF-PF,29,TOT,65,53,28.8,3.5,8.7,0.443,2.1,6.1,0.242,1.4,2.6,0.556,0.539,1.5,1.9,0.5,0.8,5.1,5.9,2.5,1.1,0.4,1.1,2.2,10.5
Shabazz Napier,PG,28,TOT,56,32,24,3.4,8.1,0.462,1.4,4.3,0.338,2,3.9,0.619,0.552,2.3,2.7,0.9,0.5,2.4,2.8,4.7,1.2,0.2,2.3,1.8,10.3
Markieff Morris,PF,30,TOT,58,17,20.5,3.5,7.9,0.375,1.5,3.9,0.333,2,4,0.463,0.453,1.1,1.5,0.781,0.7,3.1,3.8,1.3,0.5,0.3,1.3,2.3,9.7
Jeff Green,PF-C,33,TOT,48,4,20,3.3,7.2,0.479,1.3,3.8,0.333,2,3.4,0.528,0.556,1.5,1.9,0.69,0.5,2.3,2.8,1,0.5,0.4,0.9,1.9,9.4
Kent Bazemore,SF,30,TOT,68,21,24.8,2.9,7.9,0.438,1.2,3.6,0.182,1.7,4.3,0.389,0.557,1.7,2.2,0.724,0.4,3.9,4.3,1.4,1.1,0.6,1.3,2.9,8.8
James Johnson,PF-C,32,TOT,32,1,19.3,3.2,6.7,0.555,1,2.8,0.333,2.2,3.9,0.581,0.58,1,1.5,0.613,0.8,2.9,3.7,2.3,0.8,1,1.5,2.5,8.4
Trevor Ariza,SF,34,TOT,53,21,28.2,2.7,6.1,0.45,1.5,3.9,0.25,1.2,2.2,0.45,0.526,1.2,1.4,0.778,0.6,4,4.6,1.7,1.3,0.3,1.1,2.1,8
Alex Len,C,26,TOT,55,12,17.6,3.2,5.8,0.456,0.3,1.1,0,2.9,4.7,0.531,0.53,1.2,1.9,0.889,1.8,4,5.8,0.9,0.4,0.9,1,2.3,8
Trey Burke,PG,27,TOT,33,1,15.8,2.8,6.3,0.353,1,2.3,0.3,1.9,4.1,0.553,0.488,0.7,0.9,1,0.5,1,1.5,2.5,0.5,0.1,0.6,1,7.4
Gorgui Dieng,C,30,TOT,63,17,17.4,2.6,5.8,0.579,0.9,2.4,0.375,1.8,3.4,0.504,0.579,1.2,1.6,0.786,1.4,4.2,5.6,1.2,0.8,0.9,1,2,7.4
Brandon Knight,SG-PG,28,TOT,25,3,18.5,2.4,6.7,0.388,1.8,5.2,0.417,0.6,1.4,0.475,0.464,0.8,1.4,0.529,0.2,1.5,1.6,2.8,0.4,0.1,1.5,1.6,7.3
Willie Cauley-Stein,C,26,TOT,54,39,20.3,3.2,5.6,0.446,0,0,0,3.2,5.6,0.568,0.527,0.7,1.2,0.682,1.6,4.3,5.8,1.3,0.9,1.1,0.7,2.2,7.2
Tyler Johnson,PG-SG,27,TOT,39,7,18.2,2.5,6.4,0.446,1,3.1,0,1.5,3.4,0.541,0.522,1.1,1.3,1,0.5,1.5,1.9,1.9,0.4,0.2,0.7,1.5,7
Dragan Bender,PF-C,22,TOT,16,3,17.9,2.6,5.8,0.427,0.9,2.7,0.366,1.6,3.1,0.584,0.5,0.6,0.9,0.778,1,3.6,4.6,1.8,0.3,0.6,1.3,2.6,6.7
James Ennis,SF-SG,29,TOT,69,18,18.3,2.3,5.2,0.405,0.8,2.4,0.414,1.5,2.8,0.644,0.494,1.1,1.4,0.875,1,2.5,3.6,0.9,0.5,0.3,0.8,2,6.6
Keita Bates-Diop,PF-SF,24,TOT,44,0,16.9,2.3,5.3,0.446,0.8,2.3,0.366,1.5,3,0.439,0.551,1.2,1.7,0.5,0.6,2.3,2.9,0.7,0.4,0.5,0.4,1,6.5
Juan Hernangómez,PF,24,TOT,48,14,17.4,2.1,5.1,0.4,0.9,2.7,0.375,1.2,2.5,0.412,0.443,0.9,1.5,1,0.9,3.2,4.1,0.8,0.4,0.2,0.7,1.3,6
Marvin Williams,PF,33,TOT,58,1,19.5,2.1,4.6,0.502,1,2.7,0.399,1.1,1.9,0.42,0.562,0.8,1,0.863,0.5,2.6,3.2,1,0.6,0.5,0.6,1.8,5.9
Dewayne Dedmon,C,30,TOT,44,18,17.6,2.3,5.8,0.556,0.5,2.4,0.327,1.8,3.4,0.466,0.579,0.7,0.8,0.903,1.4,4.3,5.7,0.5,0.6,0.9,1.3,3,5.8
Maurice Harkless,PF-SF,26,TOT,62,48,23,2.3,4.6,0.396,0.5,1.6,0.345,1.7,3,0.539,0.509,0.6,1.1,0.785,0.9,3,3.9,1.1,0.9,0.5,0.9,2.4,5.8
John Henson,C,29,TOT,40,8,15,2.4,4.3,0.393,0.2,0.9,0.377,2.2,3.4,0.337,0.489,0.6,1.2,0.63,1.2,2.9,4.1,1.4,0.6,1.1,0.9,2,5.5
Solomon Hill,PF,28,TOT,59,4,18.4,1.9,4.7,0.371,1.1,2.9,0.4,0.8,1.8,0.443,0.45,0.7,0.9,0.827,0.5,2.3,2.8,1.8,0.7,0.2,0.9,1.4,5.5
Chris Chiozza,PG,24,TOT,28,2,14.3,2,5,0.356,1,2.6,1,1,2.4,0.481,0.458,0.2,0.2,0.787,0.3,1.6,1.9,3,0.8,0.1,1.1,1.3,5.1
Jerome Robinson,SG,22,TOT,63,6,15.5,1.8,4.9,0.471,0.8,2.4,0.2,1,2.5,0.682,0.534,0.6,0.9,0.778,0.2,1.8,2,1.4,0.4,0.3,0.8,1.8,5.1
Allen Crabbe,SG-SF,27,TOT,37,1,17.6,1.7,4.8,0.336,1,3.2,0.368,0.7,1.6,0.682,0.384,0.3,0.4,0.759,0.3,1.8,2.1,0.9,0.4,0.1,0.5,1.3,4.6
Dante Exum,SG,24,TOT,35,1,13.9,1.6,3.4,0.36,0.4,1.2,0.176,1.2,2.2,0.636,0.428,0.9,1.2,0.764,0.3,1.6,1.9,1.1,0.4,0.2,0.9,1.1,4.5
Jacob Evans,SG,22,TOT,29,1,14.4,1.6,4.6,0.387,0.4,1.3,0.231,1.1,3.3,0.515,0.511,0.9,1,0.833,0.3,1.1,1.4,1.1,0.4,0.4,0.9,1.4,4.4
Treveon Graham,SF,26,TOT,55,20,16.9,1.6,4.4,0.682,0.6,2.2,0.333,1,2.2,0.432,0.682,0.7,1,0.652,0.9,1.8,2.7,0.8,0.4,0.1,0.5,1.9,4.4
Troy Daniels,SG,28,TOT,47,0,11.3,1.5,4,0.406,1,2.8,0.375,0.6,1.1,0.564,0.553,0.2,0.3,0.75,0.3,0.9,1.1,0.4,0.2,0.1,0.3,0.8,4.3
Gary Clark,SF-PF,25,TOT,42,5,13.5,1.3,3.2,0.379,0.9,2.6,0,0.4,0.5,0.571,0.439,0.2,0.2,0.826,0.9,1.7,2.6,0.4,0.1,0.5,0.2,1.1,3.7
Noah Vonleh,C,24,TOT,36,1,10.5,1.4,2.6,0.357,0.1,0.4,0.353,1.4,2.1,0.444,0.492,0.7,0.9,0.5,1,2.4,3.4,0.8,0.3,0.2,0.6,1.1,3.7
DeMarre Carroll,SF-C,33,TOT,24,0,12.1,1,2.8,0.522,0.3,1.4,0.424,0.7,1.4,0.37,0.552,1.2,1.8,1,0.5,1.8,2.3,1,0.3,0.2,0.7,1.3,3.6
Anthony Tolliver,PF,34,TOT,55,13,15.9,1.2,3.3,0.385,0.9,2.6,0.287,0.3,0.7,0.622,0.462,0.4,0.5,0.5,0.6,2.2,2.8,0.8,0.3,0.2,0.6,1.3,3.6
Jordan Bell,C,25,TOT,29,0,8.8,1.2,2.3,0.427,0.1,0.4,0.407,1.1,1.9,0.536,0.461,0.7,1.1,0.75,1,1.8,2.8,0.6,0.1,0.3,0.7,0.7,3.2
Paul Watson,SF,25,TOT,10,0,8.7,1,2.6,0.389,0.4,1.2,0.377,0.6,1.4,0,0.472,0.7,0.9,1,0.2,1.5,1.7,0.8,0.4,0.1,0.3,0.5,3.1
Bruno Caboclo,C,24,TOT,30,0,8.1,1.3,3,0.333,0.2,1.1,0.413,1.1,1.9,0.533,0.371,0.3,0.3,0.842,0.8,1.2,2,0.4,0.5,0.6,0.4,1,3
Jarrod Uthoff,PF,26,TOT,7,0,7.6,1,2.6,0.596,0.4,1.3,0.358,0.6,1.3,0.667,0.596,0.3,0.3,0.852,0.3,0.6,0.9,0,0.1,0,0,0.3,2.7
Michael Kidd-Gilchrist,PF,26,TOT,25,0,11.2,0.9,2.6,0.438,0.2,0.8,0.367,0.7,1.8,0.571,0.5,0.4,0.6,0.829,0.6,2.1,2.7,0.6,0.1,0.2,0.6,1.5,2.4
Caleb Swanigan,PF-C,22,TOT,27,1,10.7,1,1.7,0.25,0,0.1,0.341,1,1.7,0.714,0.375,0.3,0.6,0.741,1,2.7,3.7,1.1,0.1,0.3,1.4,2.3,2.4
Wenyen Gabriel,PF,22,TOT,30,1,7.8,0.7,1.6,0.462,0.2,0.7,0.349,0.5,0.9,0.494,0.59,0.5,0.7,0.771,0.7,1,1.7,0.3,0.4,0.2,0.5,1.3,2.1
Zach Norvell,SG,22,TOT,5,0,8.2,0.6,2.4,0.667,0.6,1.6,0.313,0,0.8,0.479,0.667,0.2,0.2,0.816,0,1.2,1.2,0.6,0.4,0,0.6,0.8,2
Derrick Walton,PG,24,TOT,26,1,9.5,0.7,1.5,0.364,0.4,0.9,0.192,0.3,0.6,0.547,0.364,0.3,0.3,0.831,0.1,0.5,0.6,1,0.3,0,0.2,0.8,2
Jonah Bolden,C,24,TOT,7,0,6.7,0.6,1.6,0.449,0,0.6,0,0.6,1,0.437,0.513,0.3,0.6,0.784,0.4,0.9,1.3,0,0.4,0.3,0.3,1.4,1.4
Jarred Vanderbilt,PF,20,TOT,11,0,4.2,0.5,0.7,0.447,0,0.1,0.413,0.5,0.6,0.525,0.548,0.2,0.2,0.763,0.3,0.5,0.8,0.2,0.3,0.1,0.6,0.5,1.1
Donovan Mitchell,SG,23,UTA,69,69,34.3,8.7,19.4,0.462,2.5,6.9,0.352,6.2,12.6,0.451,0.548,4,4.7,0.821,0.8,3.6,4.4,4.3,1,0.2,2.7,2.5,24
Bojan Bogdanović,SF,30,UTA,63,63,33.1,6.6,14.8,0.693,3,7.3,0.6,3.6,7.6,0.504,0.693,4,4.4,0.619,0.6,3.5,4.1,2.1,0.5,0.1,2.5,1.7,20.2
Jordan Clarkson,SG,27,UTA,42,2,24.7,6,12.9,0.409,2.2,6,0.25,3.7,6.8,0.545,0.494,1.5,1.9,0.75,0.7,2.1,2.8,1.6,0.7,0.2,1.4,1.8,15.6
Mike Conley,PG,32,UTA,47,41,29,4.9,12.1,0.385,2,5.4,0.311,2.9,6.6,0.661,0.472,2.4,3,0.912,0.7,2.5,3.2,4.4,0.8,0.1,2,2.2,14.4
Joe Ingles,PF,32,UTA,72,45,29.7,3.4,7.7,0.462,2,4.9,0,1.5,2.8,0.5,0.508,1,1.3,0.812,0.4,3.5,3.9,5.2,0.9,0.2,2,2.1,9.8
Jeff Green,PF,33,UTA,30,2,18.4,2.5,6.5,0.433,1.1,3.5,0.438,1.4,3,0.385,0.559,1.6,2.1,0.714,0.5,2.2,2.7,0.7,0.4,0.3,0.9,1.5,7.8
Emmanuel Mudiay,PG,23,UTA,54,2,15.7,2.8,6.1,0.438,0.6,1.6,0.6,2.2,4.4,0.654,0.578,1.2,1.5,0.5,0.3,2,2.3,2.1,0.4,0.2,1.4,1.3,7.3
Royce O'Neale,SF,26,UTA,71,62,28.9,2.2,5.1,0.667,1.3,3.4,,0.9,1.7,0.467,0.675,0.6,0.8,0.667,0.4,5.1,5.5,2.5,0.8,0.5,0.9,2.8,6.3
Georges Niang,PF,26,UTA,66,1,14,2.1,4.9,0.35,1.4,3.4,,0.8,1.5,0.471,0.4,0.3,0.4,0.538,0.2,1.7,1.9,0.7,0.3,0.1,0.5,1.1,5.9
Tony Bradley,C,22,UTA,58,3,11.4,2.2,3.3,0.375,0.1,0.1,,2.1,3.2,0.478,0.484,0.5,0.8,,1.9,2.7,4.6,0.4,0.2,0.6,0.5,2,4.9
Justin Wright-Foreman,PG,22,UTA,4,0,11.3,1.8,5,0.465,0.5,2.5,,1.3,2.5,0.667,0.5,0.8,1,,0,1.3,1.3,1.8,0.5,0,0.8,1.3,4.8
Miye Oni,SF,22,UTA,10,1,10.9,1.2,3.2,0.357,0.7,1.9,,0.5,1.3,0.333,0.411,0.4,0.5,,0.5,1.2,1.7,0.4,0.4,0.2,0.4,0.9,3.5
Rayjon Tucker,SG,22,UTA,20,0,8.1,1,2.2,0.435,0.2,0.9,,0.9,1.3,0,0.478,1,1.2,,0.2,0.9,1,0.3,0.1,0.1,0.4,0.5,3.1
Jarrell Brantley,PF,23,UTA,9,0,10.7,1.1,3.1,0.478,0.3,1.4,,0.8,1.7,0.515,0.478,0.1,0.2,,0.2,2,2.2,1.2,0.3,0.6,0.8,0.8,2.7
Dante Exum,SG,24,UTA,11,0,7.5,0.9,2.1,0.577,0.2,0.5,,0.7,1.5,0.471,0.635,0.2,0.2,,0.3,0.8,1.1,0.6,0.1,0.2,0.9,0.7,2.2
Juwan Morgan,PF,22,UTA,21,0,6.4,0.7,1.2,0,0.1,0.4,,0.6,0.9,0.63,0,0.1,0.2,,0.5,0.9,1.4,0.3,0,0.1,0.3,0.9,1.7
Nigel Williams-Goss,PG,25,UTA,10,0,5,0.5,1.6,0.455,0.2,0.7,,0.3,0.9,0.441,0.52,0.2,0.2,,0.2,0.4,0.6,0.6,0.3,0.1,0.3,0.6,1.4
Bradley Beal,SG,26,WAS,57,57,36,10.4,22.9,0.466,3,8.4,,7.4,14.4,0.489,0.489,6.8,8,,0.9,3.3,4.2,6.1,1.2,0.4,3.4,2.2,30.5
Dāvis Bertāns,PF,27,WAS,54,4,29.3,4.9,11.3,0.581,3.7,8.7,,1.2,2.6,0.473,0.626,1.9,2.3,,0.6,3.9,4.5,1.7,0.7,0.6,1.1,2.6,15.4
Rui Hachimura,PF,21,WAS,48,48,30.1,5.3,11.4,0.42,0.5,1.8,,4.8,9.5,0.479,0.483,2.4,2.9,,1.6,4.5,6.1,1.8,0.8,0.2,1.1,2.2,13.5
Thomas Bryant,C,22,WAS,46,36,24.9,5.3,9.1,0.408,0.8,2,,4.5,7.1,0.443,0.5,1.9,2.5,,2.1,5.1,7.2,1.8,0.5,1.1,1.2,2.2,13.2
Jordan McRae,SG,28,WAS,29,4,22.6,4.6,10.9,0.428,1.4,3.7,,3.2,7.3,0.645,0.512,2.2,2.9,,0.6,3,3.6,2.8,0.7,0.5,1.3,2.1,12.8
Isaiah Thomas,PG,30,WAS,40,37,23.1,4.4,10.7,0.447,2,4.7,,2.4,5.9,0.538,0.492,1.6,1.9,,0.3,1.4,1.7,3.7,0.3,0.2,1.9,1.9,12.2
Shabazz Napier,PG,28,WAS,20,10,24.4,3.7,8.7,0.439,1.5,4.1,,2.3,4.6,0.333,0.488,2.7,3.3,,0.5,2,2.4,3.8,1.5,0.2,2.6,2,11.6
Ish Smith,PG,31,WAS,68,23,26.3,4.5,10.1,0.397,0.9,2.5,,3.6,7.6,0.54,0.483,0.9,1.3,,0.4,2.8,3.2,4.9,0.9,0.4,1.4,1.6,10.9
Troy Brown Jr.,SF,20,WAS,69,22,25.8,4,9,0.545,0.9,2.6,,3.1,6.4,0.5,0.592,1.6,2,,1.1,4.4,5.6,2.6,1.2,0.1,1.1,1.9,10.4
Jerome Robinson,SG,22,WAS,21,5,24,3.3,8.3,0.495,1.4,4.1,,1.9,4.2,0.571,0.507,1.4,1.8,,0.4,2.9,3.3,2,0.7,0.4,1.1,2.7,9.4
Moritz Wagner,C,22,WAS,45,5,18.6,3.2,5.9,0.322,0.6,1.8,,2.7,4.1,0.5,0.415,1.7,2.1,,1.2,3.6,4.9,1.2,0.6,0.4,1.5,3.4,8.7
Ian Mahinmi,C,33,WAS,38,35,21.3,2.7,5.5,0.526,0.1,0.7,,2.6,4.8,0.421,0.526,1.8,3,,2.1,3.7,5.7,1.3,0.8,1.2,1.2,3,7.4
C.J. Miles,SF,32,WAS,10,0,16.1,1.9,5.9,0.429,1.1,3.5,,0.8,2.4,0.5,0.598,1.5,2,,0.4,0.8,1.2,1.2,1,0.4,0.4,1.4,6.4
Anžejs Pasečņiks,C,24,WAS,27,0,16.2,2.3,4.3,0.504,0,0.1,,2.3,4.2,0.516,0.558,1.3,2.1,,1.6,2.4,4,0.7,0.3,0.4,0.9,2.8,5.8
Garrison Mathews,SG,23,WAS,18,0,12.6,1.3,3.1,0.545,1.1,2.6,,0.3,0.6,0.594,0.682,1.7,1.9,,0.3,1,1.3,0.6,0.4,0.1,0.4,1.8,5.4
Isaac Bonga,SF,20,WAS,66,49,18.9,1.8,3.5,0.37,0.4,1.1,,1.4,2.5,0.167,0.407,1,1.3,,1.1,2.3,3.4,1.2,0.7,0.3,0.9,2.4,5
Jerian Grant,SG,27,WAS,6,0,13.3,1.7,4.5,0.38,0.3,1.3,,1.3,3.2,,0.484,0.8,1.2,,0.3,0.7,1,1.5,0.2,0.2,0.5,1.8,4.5
Gary Payton II,SF,27,WAS,29,17,14.9,1.7,4,0.559,0.4,1.6,,1.2,2.4,,0.559,0.1,0.3,,0.9,1.9,2.8,1.7,1.1,0.2,0.7,1.9,3.9
Admiral Schofield,PF,22,WAS,33,2,11.2,1.1,2.8,0.294,0.6,1.8,,0.5,0.9,,0.397,0.3,0.5,,0.2,1.2,1.4,0.5,0.2,0.1,0.2,1.5,3
Johnathan Williams,PF,24,WAS,15,6,12,1.3,2.3,0.417,0,0.1,,1.3,2.1,,0.542,0.5,0.9,,1.6,2.7,4.3,0.5,0.1,0.5,0.3,1.1,3
